0	2x_standard_spells_on,0
1	2x_standard_spells_on,1
2	2x_standard_spells_on,2
3	2x_standard_spells_on,3
4	backleft1
5	2x_standard_spells_on,4
6	2x_standard_spells_on,5
7	2x_standard_spells_on,6
8	2x_standard_spells_on,7
9	2x_standard_spells_on,8
10	2x_standard_spells_on,9
11	2x_standard_spells_on,10
12	mapback
13	2x_standard_spells_on,11
14	2x_standard_spells_on,12
15	magicon,0
16	magicon,1
17	magicon,2
18	magicon,3
19	magicon,4
20	magicon,5
21	magicon,6
22	magicon,7
23	magicon,8
24	magicon,9
25	magicon,10
26	magicon,11
27	magicon,12
28	magicon,13
29	magicon,14
30	magicon,15
31	magicon,16
32	magicon,17
33	magicon,18
34	magicon,19
35	magicon,20
36	magicon,21
37	magicon,22
38	magicon,23
39	magicon,24
40	magicon,25
41	magicon,26
42	magicon,27
43	magicon,28
44	magicon,29
45	magicon,30
46	magicon,31
47	magicon,32
48	magicon,33
49	magicon,34
50	magicon,35
51	magicon,36
52	magicon,37
53	magicon,38
54	magicon,39
55	magicon,40
56	magicon,41
57	magicon,42
58	magicon,43
59	magicon,44
60	magicon,45
61	magicon,46
62	magicon,47
63	magicon,48
64	magicon,49
65	magicoff,0
66	magicoff,1
67	magicoff,2
68	magicoff,3
69	magicoff,4
70	magicoff,5
71	magicoff,6
72	magicoff,7
73	magicoff,8
74	magicoff,9
75	magicoff,10
76	magicoff,11
77	magicoff,12
78	magicoff,13
79	magicoff,14
80	magicoff,15
81	magicoff,16
82	magicoff,17
83	magicoff,18
84	magicoff,19
85	magicoff,20
86	magicoff,21
87	magicoff,22
88	magicoff,23
89	magicoff,24
90	magicoff,25
91	magicoff,26
92	magicoff,27
93	magicoff,28
94	magicoff,29
95	magicoff,30
96	magicoff,31
97	magicoff,32
98	magicoff,33
99	magicoff,34
100	magicoff,35
101	magicoff,36
102	magicoff,37
103	magicoff,38
104	magicoff,39
105	magicoff,40
106	magicoff,41
107	magicoff,42
108	magicoff,43
109	magicoff,44
110	magicoff,45
111	magicoff,46
112	magicoff,47
113	magicoff,48
114	magicoff,49
115	prayeron,0
116	prayeron,1
117	prayeron,2
118	prayeron,3
119	prayeron,4
120	prayeron,5
121	prayeron,6
122	prayeron,7
123	prayeron,8
124	prayeron,9
125	prayeron,10
126	prayeron,11
127	prayeron,12
128	prayeron,13
129	prayeron,14
130	prayeron,15
131	prayeron,16
132	prayeron,17
133	prayeron,18
134	prayeron,19
135	prayeroff,0
136	prayeroff,1
137	prayeroff,2
138	prayeroff,3
139	prayeroff,4
140	prayeroff,5
141	prayeroff,6
142	prayeroff,7
143	prayeroff,8
144	prayeroff,9
145	prayeroff,10
146	prayeroff,11
147	prayeroff,12
148	prayeroff,13
149	prayeroff,14
150	prayeroff,15
151	prayeroff,16
152	prayeroff,17
153	prayeroff,18
154	prayeroff,19
155	prayerglow
156	wornicons,0
157	wornicons,1
158	wornicons,2
159	wornicons,3
160	wornicons,4
161	wornicons,5
162	wornicons,6
163	wornicons,7
164	wornicons,8
165	wornicons,9
166	wornicons,10
167	wornicons,11
168	side_icons,0
169	compass
170	miscgraphics,0
171	miscgraphics,1
172	miscgraphics,2
173	miscgraphics,3
174	miscgraphics,4
175	miscgraphics,5
176	miscgraphics,6
177	miscgraphics,7
178	miscgraphics,8
179	miscgraphics,9
180	miscgraphics,10
181	miscgraphics,11
182	miscgraphics,12
183	miscgraphics,13
184	miscgraphics,14
185	miscgraphics2,0
186	miscgraphics2,1
187	miscgraphics2,2
188	miscgraphics2,3
189	miscgraphics2,4
190	miscgraphics2,5
191	miscgraphics2,6
192	miscgraphics2,7
193	miscgraphics2,8
194	miscgraphics2,9
195	miscgraphics3,0
196	miscgraphics3,1
197	staticons,0
198	staticons,1
199	staticons,2
200	staticons,3
201	staticons,4
202	staticons,5
203	staticons,6
204	staticons,7
205	staticons,8
206	staticons,9
207	staticons,10
208	staticons,11
209	staticons,12
210	staticons,13
211	staticons,14
212	staticons,15
213	staticons,16
214	staticons,17
215	staticons2,0
216	staticons2,1
217	staticons2,2
218	staticons2,3
219	staticons2,4
220	staticons2,5
221	staticons2,6
222	staticons2,7
223	staticons2,8
224	staticons2,9
225	staticons2,10
226	staticons2,11
227	staticons2,12
228	staticons2,13
229	staticons2,14
230	staticons2,15
231	staticons2,16
232	staticons2,17
233	combaticons,0
234	combaticons,1
235	combaticons,2
236	combaticons,3
237	combaticons,4
238	combaticons,5
239	combaticons,6
240	combaticons,7
241	combaticons,8
242	combaticons,9
243	combaticons,10
244	combaticons,11
245	combaticons,12
246	combaticons,13
247	combaticons,14
248	combaticons,15
249	combaticons,16
250	combaticons,17
251	combaticons,18
252	combaticons,19
253	combaticons2,0
254	combaticons2,1
255	combaticons2,2
256	combaticons2,3
257	combaticons2,4
258	combaticons2,5
259	combaticons2,6
260	combaticons2,7
261	combaticons2,8
262	combaticons2,9
263	combaticons2,10
264	combaticons2,11
265	combaticons2,12
266	combaticons2,13
267	combaticons2,14
268	combaticons2,15
269	combaticons2,16
270	combaticons2,17
271	combaticons2,18
272	combaticons2,19
273	combaticons3,0
274	combaticons3,1
275	combaticons3,2
276	combaticons3,3
277	combaticons3,4
278	combaticons3,5
279	combaticons3,6
280	combaticons3,7
281	combaticons3,8
282	combaticons3,9
283	combaticons3,10
284	combaticons3,11
285	combaticons3,12
286	combaticons3,13
287	combaticons3,14
288	combaticons3,15
289	combaticons3,16
290	combaticons3,17
291	combaticons3,18
292	combaticons3,19
293	combatboxes,0
294	combatboxes,1
295	combatboxes,2
296	combatboxes,3
297	tradebacking
298	headicons_pk_interface,14
299	cross
300	mapdots
301	sworddecor,0
302	sworddecor,1
303	sworddecor,2
304	sworddecor,3
305	2x_standard_spells_on,13
306	2x_standard_spells_on,14
307	2x_standard_spells_on,15
308	leftarrow
309	rightarrow
310	steelborder,0
311	steelborder,1
312	steelborder,2
313	steelborder,3
314	steelborder2,0
315	steelborder2,1
316	scrollbar
317	mapscene
318	infernal_cape
319	magicon2,0
320	magicon2,1
321	magicon2,2
322	magicon2,3
323	magicon2,4
324	magicon2,5
325	magicon2,6
326	magicon2,7
327	magicon2,8
328	magicon2,9
329	magicon2,10
330	magicon2,11
331	magicon2,12
332	magicon2,13
333	magicon2,14
334	magicon2,15
335	magicon2,16
336	magicon2,17
337	magicon2,18
338	magicon2,19
339	magicon2,20
340	magicon2,21
341	magicon2,22
342	magicon2,23
343	magicon2,24
344	magicon2,25
345	magicon2,26
346	magicon2,27
347	magicon2,28
348	magicon2,29
349	magicon2,30
350	magicon2,31
351	magicon2,32
352	magicon2,33
353	magicon2,34
354	magicon2,35
355	magicon2,36
356	magicon2,37
357	magicon2,38
358	magicon2,39
359	magicon2,40
360	magicon2,41
361	magicon2,42
362	magicon2,43
363	magicon2,44
364	magicon2,45
365	magicon2,46
366	magicon2,47
367	magicon2,48
368	magicon2,49
369	magicoff2,0
370	magicoff2,1
371	magicoff2,2
372	magicoff2,3
373	magicoff2,4
374	magicoff2,5
375	magicoff2,6
376	magicoff2,7
377	magicoff2,8
378	magicoff2,9
379	magicoff2,10
380	magicoff2,11
381	magicoff2,12
382	magicoff2,13
383	magicoff2,14
384	magicoff2,15
385	magicoff2,16
386	magicoff2,17
387	magicoff2,18
388	magicoff2,19
389	magicoff2,20
390	magicoff2,21
391	magicoff2,22
392	magicoff2,23
393	magicoff2,24
394	magicoff2,25
395	magicoff2,26
396	magicoff2,27
397	magicoff2,28
398	magicoff2,29
399	magicoff2,30
400	magicoff2,31
401	magicoff2,32
402	magicoff2,33
403	magicoff2,34
404	magicoff2,35
405	magicoff2,36
406	magicoff2,37
407	magicoff2,38
408	magicoff2,39
409	magicoff2,40
410	magicoff2,41
411	magicoff2,42
412	magicoff2,43
413	magicoff2,44
414	magicoff2,45
415	magicoff2,46
416	magicoff2,47
417	magicoff2,48
418	magicoff2,49
419	gnomeball_buttons,0
420	gnomeball_buttons,1
421	gnomeball_buttons,2
422	mapmarker
423	mod_icons
424	mapedge
425	leftarrow_small
426	rightarrow_small
427	blackmark
428	button_brown
429	button_red
430	chest
431	coins
432	key
433	keys
434	pen
435	startgame
436	titlescroll
437	letter
438	button_brown_big
439	headicons_pk
440	headicons_prayer
441	headicons_hint
442	overlay_multiway
443	overlay_duel
444	tex_brown
445	tex_red
446	number_button
447	door
448	water
449	wall
450	planks
451	elfdoor
452	darkwood
453	roof
454	damage
455	leafytree
456	treestump
457	mossy
458	railings
459	painting1
460	painting2
461	marble
462	wood2
463	fountain
464	thatched
465	cargonet
466	books
467	elfroof2
468	elfwood
469	mossybricks
470	gungywater
471	web
472	elfroof
473	mossydamage
474	bamboo
475	willowtex3
476	lava
477	bark
478	mapletree
479	stars
480	elfbrick
481	elfwall
482	chainmail
483	mummy
484	elfpainting
485	lava_animated
486	leafytree_diseased
487	stone_tiles
488	roof2
489	red_green_arrows,0
490	pebblefloor
491	wall_white
492	glyphs
493	canvas
494	p11_full
495	p12_full
496	b12_full
497	q8_full
498	logo
499	titlebox
500	titlebutton
501	runes
502	prayeron,20
503	prayeron,21
504	prayeron,22
505	prayeron,23
506	prayeroff,20
507	prayeroff,21
508	prayeroff,22
509	prayeroff,23
510	mapdots_interface,0
511	mapdots_interface,1
512	mapdots_interface,2
513	mapdots_interface,3
514	mapdots_interface,4
515	cross_interface,0
516	cross_interface,1
517	cross_interface,2
518	cross_interface,3
519	cross_interface,4
520	cross_interface,5
521	cross_interface,6
522	cross_interface,7
523	headicons_pk_interface,0
524	headicons_pk_interface,1
525	headicons_pk_interface,2
526	headicons_pk_interface,3
527	headicons_pk_interface,4
528	headicons_pk_interface,5
529	hloading2
530	crag
531	water_animated
532	marble_poh
533	old_tiles
534	red_green_arrows,1
535	close_buttons,0
536	close_buttons,1
537	close_buttons,2
538	close_buttons,3
539	close_buttons,4
540	close_buttons,5
541	close_buttons,6
542	close_buttons,7
543	lunar_magic_on,0
544	lunar_magic_on,1
545	lunar_magic_on,2
546	lunar_magic_on,3
547	lunar_magic_on,4
548	lunar_magic_on,5
549	lunar_magic_on,6
550	lunar_magic_on,7
551	lunar_magic_on,8
552	lunar_magic_on,9
553	lunar_magic_on,10
554	lunar_magic_on,11
555	lunar_magic_on,12
556	lunar_magic_on,13
557	lunar_magic_on,14
558	lunar_magic_on,15
559	lunar_magic_on,16
560	lunar_magic_on,17
561	lunar_magic_on,18
562	lunar_magic_on,19
563	lunar_magic_on,20
564	lunar_magic_on,21
565	lunar_magic_on,22
566	lunar_magic_on,23
567	lunar_magic_on,24
568	lunar_magic_on,25
569	lunar_magic_on,26
570	lunar_magic_on,27
571	lunar_magic_on,28
572	lunar_magic_on,29
573	lunar_magic_on,30
574	lunar_magic_on,31
575	lunar_magic_on,32
576	lunar_magic_on,33
577	lunar_magic_on,34
578	lunar_magic_on,35
579	lunar_magic_on,36
580	lunar_magic_on,37
581	lunar_magic_on,38
582	lunar_magic_on,39
583	lunar_magic_on,40
584	lunar_magic_on,41
585	lunar_magic_on,42
586	lunar_magic_on,43
587	lunar_magic_on,44
588	lunar_magic_on,45
589	lunar_magic_on,46
590	lunar_magic_on,47
591	lunar_magic_on,48
592	lunar_magic_on,49
593	lunar_magic_off,0
594	lunar_magic_off,1
595	lunar_magic_off,2
596	lunar_magic_off,3
597	lunar_magic_off,4
598	lunar_magic_off,5
599	lunar_magic_off,6
600	lunar_magic_off,7
601	lunar_magic_off,8
602	lunar_magic_off,9
603	lunar_magic_off,10
604	lunar_magic_off,11
605	lunar_magic_off,12
606	lunar_magic_off,13
607	lunar_magic_off,14
608	lunar_magic_off,15
609	lunar_magic_off,16
610	lunar_magic_off,17
611	lunar_magic_off,18
612	lunar_magic_off,19
613	lunar_magic_off,20
614	lunar_magic_off,21
615	lunar_magic_off,22
616	lunar_magic_off,23
617	lunar_magic_off,24
618	lunar_magic_off,25
619	lunar_magic_off,26
620	lunar_magic_off,27
621	lunar_magic_off,28
622	lunar_magic_off,29
623	lunar_magic_off,30
624	lunar_magic_off,31
625	lunar_magic_off,32
626	lunar_magic_off,33
627	lunar_magic_off,34
628	lunar_magic_off,35
629	lunar_magic_off,36
630	lunar_magic_off,37
631	lunar_magic_off,38
632	lunar_magic_off,39
633	lunar_magic_off,40
634	lunar_magic_off,41
635	lunar_magic_off,42
636	lunar_magic_off,43
637	lunar_magic_off,44
638	lunar_magic_off,45
639	lunar_magic_off,46
640	lunar_magic_off,47
641	lunar_magic_off,48
642	lunar_magic_off,49
643	old_tiles_lighter
644	woodenfloor_new
645	quill_oblique_large
646	quill_caps_large
647	lunar_alphabet
648	lunar_alphabet_lrg
649	options_icons_small,0
650	options_icons_small,1
651	options_icons_small,2
653	combatboxes_large,0
654	combatboxes_large,1
655	combatboxes_very_large,0
656	combatboxes_very_large,1
657	combatboxes_special_attack
658	equip_screen_button
659	options_icons,0
660	options_icons,1
661	options_icons,2
662	options_icons,3
663	options_icons,4
664	options_icons,5
665	options_icons,6
666	options_icons,7
667	options_icons,8
668	options_icons,9
669	options_icons,10
670	options_icons,11
671	options_icons,12
672	options_icons,13
673	options_icons,14
674	options_icons,15
675	options_icons,16
676	options_icons,17
677	options_icons_small,3
678	options_poh_icon
679	options_slider,0
680	options_slider,1
681	options_slider,2
682	options_slider,3
683	options_slider,4
684	options_slider,5
685	options_slider,6
686	options_slider,7
687	options_slider_five,0
688	options_slider_five,1
689	options_slider_five,2
690	options_slider_five,3
691	options_slider_five,4
692	options_slider_five,5
693	options_slider_five,6
694	options_slider_five,7
695	options_slider_five,8
696	options_slider_five,9
697	options_radio_buttons,0
698	options_radio_buttons,1
699	options_radio_buttons,2
700	emotes,0
701	emotes,1
702	emotes,2
703	emotes,3
704	emotes,4
705	emotes,5
706	emotes,6
707	emotes,7
708	emotes,8
709	emotes,9
710	emotes,10
711	emotes,11
712	emotes,12
713	emotes,13
714	emotes,14
715	emotes,15
716	emotes,16
717	emotes,17
718	emotes,18
719	emotes,19
720	emotes,20
721	emotes,21
722	emotes,22
723	emotes,23
724	emotes,24
725	emotes,25
726	emotes,26
727	emotes,27
728	emotes,28
729	emotes,29
730	emotes,30
731	emotes,31
732	emotes,32
733	emotes,33
734	emotes,34
735	emotes,35
736	emotes,36
737	emotes,37
738	emotes,38
739	emotes,39
740	emotes_locked,0
741	emotes_locked,1
742	emotes_locked,2
743	emotes_locked,3
744	emotes_locked,4
745	emotes_locked,5
746	emotes_locked,6
747	emotes_locked,7
748	emotes_locked,8
749	emotes_locked,9
750	emotes_locked,10
751	emotes_locked,11
752	emotes_locked,12
753	emotes_locked,13
754	emotes_locked,14
755	emotes_locked,15
756	emotes_locked,16
757	emotes_locked,17
758	emotes_locked,18
759	emotes_locked,19
760	combat_shield
761	options_boxes,0
762	options_boxes,1
763	xmas_snowflake
764	barbassault_font
765	barbassault_icons,0
766	barbassault_icons,1
767	barbassault_icons,2
768	barbassault_icons,3
769	barbassault_icons,4
770	barbassault_icons,5
771	barbassault_icons,6
772	barbassault_icons,7
773	scrollbar_v2,0
774	sideicons_interface,0
775	sideicons_interface,1
776	sideicons_interface,2
777	sideicons_interface,3
778	sideicons_interface,4
779	sideicons_interface,5
780	sideicons_interface,6
781	sideicons_interface,7
782	sideicons_interface,8
783	sideicons_interface,9
784	sideicons_interface,10
785	sideicons_interface,11
786	sideicons_interface,12
787	sideicons_interface,13
788	scrollbar_v2,1
789	scrollbar_dragger_v2,0
790	scrollbar_dragger_v2,1
791	scrollbar_dragger_v2,2
792	scrollbar_dragger_v2,3
793	scrollbar_parchment_v2,0
794	scrollbar_parchment_v2,1
795	scrollbar_parchment_dragger_v2,0
796	scrollbar_parchment_dragger_v2,1
797	scrollbar_parchment_dragger_v2,2
798	scrollbar_parchment_dragger_v2,3
799	close_buttons_v2,0
800	close_buttons_v2,1
801	scrollbar_sep,0
802	scrollbar_sep,1
803	peng_emotes,0
804	peng_emotes,1
805	peng_emotes,2
806	peng_emotes,3
807	peng_emotes,4
808	peng_emotes,5
809	peng_emotes,6
810	peng_emotes,7
811	title_mute
812	combatboxesmed,0
813	combatboxesmed,1
814	sl_back
815	sl_flags
816	sl_arrows
817	sl_stars
818	sl_button
819	surok_font
820	v2_stone_borders,0
821	v2_stone_borders,1
822	v2_stone_borders,2
823	v2_stone_borders,3
824	v2_stone_borders,4
825	v2_stone_borders,5
826	v2_stone_borders,6
827	v2_stone_borders,7
828	v2_stone_borders,8
829	v2_stone_borders,9
830	v2_stone_borders,10
831	v2_stone_close_button,0
832	v2_stone_close_button,1
835	achievement_diary_icons,0
836	achievement_diary_icons,1
838	dream_monster_icon
839	v2_stone_borders,11
840	v2_stone_borders,12
841	v2_stone_borders,13
842	v2_stone_borders,14
843	v2_stone_borders,15
844	v2_stone_borders,16
845	v2_stone_borders,17
846	v2_stone_borders,18
847	v2_stone_borders,19
848	v2_stone_borders,20
849	v2_stone_borders,21
850	v2_stone_borders,22
851	v2_stone_borders,23
852	v2_stone_borders,24
853	v2_stone_borders,25
854	v2_stone_borders,26
855	v2_stone_borders,27
856	v2_stone_borders,28
857	v2_stone_borders,29
858	v2_stone_borders,30
859	v2_stone_borders,31
860	v2_stone_borders,32
861	mirror
866	old_tiles_green
867	ii_impling_icons,0
868	ii_impling_icons,1
869	ii_impling_icons,2
870	ii_impling_icons,3
871	ii_impling_icons,4
872	ii_impling_icons,5
873	ii_impling_icons,6
874	ii_impling_icons,7
875	ii_impling_icons,8
876	ii_impling_icons,9
877	ii_impling_icons,10
878	ii_impling_icons,11
879	ame_confirm_button,0
880	ame_confirm_button,1
881	sideicons_new,0
882	sideicons_new,1
883	sideicons_new,2
884	sideicons_new,3
885	sideicons_new,4
886	sideicons_new,5
887	sideicons_new,6
888	sideicons_new,7
889	sideicons_new,8
890	sideicons_new,9
891	sideicons_new,10
892	sideicons_new,11
893	sideicons_new,12
894	sideicons_new,13
895	sideicons_new,14
896	sideicons_new,15
897	tradebacking_dark
898	side_icons,1
899	side_icons,2
900	side_icons,3
901	side_icons,4
902	side_icons,5
903	side_icons,6
904	side_icons,7
905	side_icons,8
906	side_icons,9
907	side_icons,10
908	side_icons,11
909	side_icons,12
910	side_icons,13
911	options_icons_small,6
912	options_icons,18
913	v2_stone_button,0
914	v2_stone_button,1
915	v2_stone_button,2
916	v2_stone_button,3
917	v2_stone_button,4
918	v2_stone_button,5
919	v2_stone_button,6
920	v2_stone_button,7
921	v2_stone_button_in,0
922	v2_stone_button_in,1
923	v2_stone_button_in,2
924	v2_stone_button_in,3
925	v2_stone_button_in,4
926	v2_stone_button_in,5
927	v2_stone_button_in,6
928	v2_stone_button_in,7
929	v2_stone_button_out,0
930	v2_stone_button_out,1
931	v2_stone_button_out,2
932	v2_stone_button_out,3
933	v2_stone_button_out,4
934	v2_stone_button_out,5
935	v2_stone_button_out,6
936	v2_stone_button_out,7
937	exclamation_mark
940	warning_icons,0
941	warning_icons,1
942	warning_icons,2
944	prayeron,24
945	prayeron,25
946	prayeron,26
947	prayeron,27
948	prayeroff,24
949	prayeroff,25
950	prayeroff,26
951	prayeroff,27
952	tabs,0
953	tabs,1
954	v2_stone_borders_alt,0
955	v2_stone_borders_alt,1
956	v2_stone_borders_alt,2
957	v2_stone_borders_alt,3
958	v2_stone_borders_alt,4
959	v2_stone_borders_alt,5
960	v2_stone_borders_alt,6
961	v2_stone_borders_alt,7
962	v2_stone_borders_alt,8
963	v2_stone_borders_alt,9
964	v2_stone_borders_alt,10
965	v2_stone_borders_alt,11
966	v2_stone_borders_alt,12
967	v2_stone_borders_alt,13
968	v2_stone_borders_alt,14
969	v2_stone_borders_alt,15
970	v2_stone_borders_alt,16
971	v2_stone_borders_alt,17
972	v2_stone_borders_alt,18
973	v2_stone_borders_alt,19
974	v2_stone_borders_alt,20
975	v2_stone_borders_alt,21
976	v2_stone_borders_alt,22
977	v2_stone_borders_alt,23
978	v2_stone_borders_alt,24
979	v2_stone_borders_alt,25
980	v2_stone_borders_alt,26
981	v2_stone_borders_alt,27
982	v2_stone_borders_alt,28
983	v2_stone_borders_alt,29
984	v2_stone_borders_alt,30
985	v2_stone_borders_alt,31
986	v2_stone_borders_alt,32
987	v2_borders_slim,0
988	v2_borders_slim,1
989	v2_borders_slim,2
990	v2_borders_slim,3
991	v2_borders_slim,4
992	v2_borders_slim,5
993	v2_borders_slim,6
994	v2_borders_slim,7
995	v2_borders_slim,8
996	v2_borders_slim,9
997	v2_borders_slim,10
998	tabs_split,0
999	tabs_split,1
1000	tabs_split,2
1001	tabs_split,3
1002	tabs_split,4
1003	tabs_split,5
1004	settings_tabs,0
1005	settings_tabs,1
1006	settings_tabs,2
1007	settings_tabs,3
1008	settings_tabs,4
1009	settings_tabs,5
1010	settings_tabs,6
1011	settings_tabs,7
1012	settings_tabs,8
1013	settings_tabs,9
1014	settings_tabs,10
1015	tabs_large,0
1016	tabs_large,1
1017	chat_background
1018	main_stones_bottom
1021	menu_buttons,4
1022	menu_buttons,5
1023	magic_necro_on,50
1024	magic_necro_on,51
1025	magic_necro_on,52
1026	side_stone_highlights,0
1027	side_stone_highlights,1
1028	side_stone_highlights,2
1029	side_stone_highlights,3
1030	side_stone_highlights,4
1031	side_background
1032	side_background_bottom
1033	side_background_left1
1034	side_background_left2
1035	side_background_right
1036	side_background_top
1037	mini_left
1038	mini_right
1039	main_top
1040	tradebacking_light
1041	bankbuttons,0
1042	bankbuttons,1
1043	bankbuttons,2
1044	mapdots_interface,5
1045	options_icons,19
1046	pvpw_icons,0
1047	pvpw_icons,1
1050	sortarrows,0
1051	sortarrows,1
1052	sideicons_interface,14
1053	sideicons_interface,15
1054	achievement_diary_icons,2
1055	side_icons,14
1056	side_icons,15
1057	options_icons,20
1058	orb_icon,4
1059	orb_filler,0
1060	orb_filler,1
1061	orb_filler,2
1062	orb_filler,3
1063	orb_filler,4
1064	orb_filler,5
1065	orb_filler,6
1066	orb_filler,7
1067	orb_icon,0
1068	orb_icon,1
1069	orb_icon,2
1070	orb_icon,3
1071	orb_frame,0
1072	orb_frame,1
1073	options_icons,21
1074	bankbuttons,3
1075	lava_animated_red
1076	lava_animated_white
1077	banktabs,0
1078	banktabs,1
1079	banktabs,2
1080	banktabs,3
1081	banktab_icons,0
1082	banktab_icons,1
1083	banktab_icons,2
1084	options_icons,22
1085	options_icons,23
1086	options_icons,24
1087	options_icons,25
1088	options_icons,26
1089	options_icons,27
1090	options_icons,28
1091	options_icons,29
1092	orb_icon,5
1093	friends_changed_name
1094	mapfunction_infoicon
1095	headicons_pk_interface,6
1096	headicons_pk_interface,7
1097	headicons_pk_interface,8
1098	2x_standard_spells_on,16
1099	2x_standard_spells_on,17
1100	2x_standard_spells_on,18
1101	magic_necro_on,53
1102	orb_filler,8
1103	dynamic_membership_banner
1104	dynamic_membership_button
1105	hitmark,14
1106	ge_icons,0
1107	ge_icons,1
1108	ge_icons,2
1109	ge_icons,3
1110	ge_icons,4
1111	ge_icons,5
1112	ge_smallicons,0
1113	ge_smallicons,1
1114	ge_smallicons,2
1115	ge_smallicons,3
1116	ge_smallicons,4
1117	ge_smallicons,5
1118	ge_smallicons,6
1119	ge_smallicons,7
1122	ge_backbutton
1126	ge_cancel,0
1127	ge_cancel,1
1128	membership_icon_large
1129	membership_icon_medium
1130	worldswitcher_stars,0
1131	worldswitcher_stars,1
1132	worldswitcher_flags,0
1133	worldswitcher_flags,1
1134	worldswitcher_flags,2
1135	worldswitcher_flags,3
1136	worldswitcher_flags,4
1137	worldswitcher_flags,5
1138	worldswitcher_flags,6
1139	worldswitcher_flags,7
1140	worldswitcher_flags,8
1159	options_icons,30
1160	options_icons,31
1161	options_icons,32
1162	options_icons,33
1163	options_icons,34
1164	options_icons,35
1165	options_icons,36
1166	options_icons,37
1167	options_icons,38
1168	options_icons,39
1169	windowmode_icons,0
1170	windowmode_icons,1
1171	windowmode_icons,2
1172	windowmode_icons,3
1178	resize_map_mask
1179	resize_compass_mask
1182	fixed_minimap_cover
1183	fixed_map_mask
1184	fixed_compass_mask
1185	scrollbar_trans_arrows,0
1186	scrollbar_trans_arrows,1
1187	scrollbar_trans_dragger,0
1188	scrollbar_trans_dragger,1
1189	scrollbar_trans_dragger,2
1190	scrollbar_trans_dragger,3
1191	sideicons_logout
1192	options_radio_buttons,3
1193	stop
1194	save
1195	load
1196	orb_xp,0
1197	orb_xp,1
1198	orb_xp,2
1199	orb_xp,3
1200	fixed_map_clickmask
1201	slider_bobble
1202	emotes,40
1203	emotes,41
1204	emotes,42
1205	emotes,43
1206	emotes_locked,20
1207	emotes_locked,21
1208	emotes_locked,22
1209	emotes_locked,23
1210	tick
1211	options_radio_buttons,4
1212	options_radio_buttons,5
1213	options_radio_buttons,6
1214	options_radio_buttons,7
1215	checkbox,0
1216	checkbox,1
1217	checkbox,2
1218	checkbox,3
1219	checkbox,4
1220	checkbox,5
1221	headicons_pk_interface,9
1222	headicons_pk_interface,10
1223	headicons_pk_interface,11
1224	headicons_pk_interface,12
1225	headicons_pk_interface,13
1226	bankbuttons,4
1227	bankbuttons,5
1228	logo_deadman_mode
1229	combatboxes_split,0
1230	combatboxes_split,1
1231	combatboxes_split,2
1232	combatboxes_split,3
1233	combatboxes_split,4
1234	combatboxes_split,5
1235	bankbuttons,6
1236	info
1237	worldswitcher_stars,2
1238	worldswitcher_stars,3
1239	pvpw_icons,2
1240	zeah_book,0
1241	zeah_book,1
1242	arceuus_sigil
1243	hosidius_sigil
1244	lovakengj_sigil
1245	piscarilius_sigil
1246	shayzien_sigil
1247	magic_necro_on,0
1248	magic_necro_on,1
1249	magic_necro_on,2
1250	magic_necro_on,3
1251	magic_necro_on,4
1252	magic_necro_on,5
1253	magic_necro_on,6
1254	magic_necro_on,7
1255	magic_necro_on,8
1256	magic_necro_on,9
1257	magic_necro_on,10
1258	magic_necro_on,11
1259	magic_necro_on,12
1260	magic_necro_on,13
1261	magic_necro_on,14
1262	magic_necro_on,15
1263	magic_necro_on,16
1264	magic_necro_on,17
1265	magic_necro_on,18
1266	magic_necro_on,19
1267	magic_necro_on,20
1268	magic_necro_on,21
1269	magic_necro_on,22
1270	magic_necro_on,23
1271	magic_necro_on,24
1272	magic_necro_off,0
1273	magic_necro_off,1
1274	magic_necro_off,2
1275	magic_necro_off,3
1276	magic_necro_off,4
1277	magic_necro_off,5
1278	magic_necro_off,6
1279	magic_necro_off,7
1280	magic_necro_off,8
1281	magic_necro_off,9
1282	magic_necro_off,10
1283	magic_necro_off,11
1284	magic_necro_off,12
1285	magic_necro_off,13
1286	magic_necro_off,14
1287	magic_necro_off,15
1288	magic_necro_off,16
1289	magic_necro_off,17
1290	magic_necro_off,18
1291	magic_necro_off,19
1292	magic_necro_off,20
1293	magic_necro_off,21
1294	magic_necro_off,22
1295	magic_necro_off,23
1296	magic_necro_off,24
1297	achievement_diary_icons,3
1298	side_icons,16
1299	sideicons_interface,16
1300	magic_necro_on,25
1301	magic_necro_on,26
1302	magic_necro_on,27
1303	magic_necro_on,28
1304	magic_necro_on,29
1305	magic_necro_on,30
1306	magic_necro_on,31
1307	magic_necro_on,32
1308	magic_necro_on,33
1309	magic_necro_on,34
1310	magic_necro_on,35
1311	magic_necro_on,36
1312	magic_necro_on,37
1313	magic_necro_on,38
1314	magic_necro_on,39
1315	magic_necro_on,40
1316	magic_necro_on,41
1317	magic_necro_on,42
1318	magic_necro_on,43
1319	magic_necro_off,25
1320	magic_necro_off,26
1321	magic_necro_off,27
1322	magic_necro_off,28
1323	magic_necro_off,29
1324	magic_necro_off,30
1325	magic_necro_off,31
1326	magic_necro_off,32
1327	magic_necro_off,33
1328	magic_necro_off,34
1329	magic_necro_off,35
1330	magic_necro_off,36
1331	magic_necro_off,37
1332	magic_necro_off,38
1333	magic_necro_off,39
1334	magic_necro_off,40
1335	magic_necro_off,41
1336	magic_necro_off,42
1337	magic_necro_off,43
1338	worldswitcher_stars,4
1339	hitmark,15
1340	favourite_icons,0
1341	favourite_icons,1
1342	bankbuttons,7
1343	whistle
1344	banktabs_small,0
1345	banktabs_small,1
1346	deadman_deathtype,0
1347	deadman_deathtype,1
1348	deadman_deathtype,2
1349	deadman_deathtype,3
1350	emotes,44
1351	emotes,45
1352	emotes,46
1353	emotes,47
1354	emotes_locked,24
1355	emotes_locked,25
1356	emotes_locked,26
1357	emotes_locked,27
1358	hitmark,0
1359	hitmark,1
1360	hitmark,2
1361	hitmark,3
1362	hitmark,4
1363	hitmark,5
1364	fast_forward,0
1365	fast_forward,1
1366	miscgraphics3,2
1367	miscgraphics3,3
1368	poh_room_layouts,0
1369	poh_room_layouts,1
1370	poh_room_layouts,2
1371	poh_room_layouts,3
1372	poh_room_layouts,4
1373	poh_room_layouts,5
1374	poh_room_layouts,6
1375	poh_room_layouts,7
1376	poh_room_layouts,8
1377	poh_room_layouts,9
1378	poh_room_layouts,10
1379	poh_room_layouts,11
1380	poh_room_layouts,12
1381	poh_room_layouts,13
1382	poh_room_layouts,14
1383	poh_room_layouts,15
1384	poh_room_layouts,16
1385	poh_room_layouts,17
1386	poh_room_layouts,18
1387	poh_room_layouts,19
1388	poh_room_layouts,20
1389	poh_room_layouts,21
1390	poh_room_layouts,22
1391	poh_room_layouts,23
1392	poh_room_layouts,24
1393	poh_room_layouts,25
1394	poh_room_layouts,26
1395	poh_room_layouts,27
1396	cherryblossom
1397	wint_icons,0
1398	wint_icons,1
1399	wint_icons,2
1400	wint_icons,3
1401	tiny_combat_staticons,0
1402	tiny_combat_staticons,1
1403	tiny_combat_staticons,2
1404	tiny_combat_staticons,3
1405	tiny_combat_staticons,4
1406	tiny_combat_staticons,5
1407	tiny_combat_staticons,6
1408	premier_bronze
1409	premier_silver
1410	premier_gold
1411	premier_comingsoon
1412	refresh
1413	side_icons,17
1414	sideicons_interface,17
1419	hitmark,6
1420	prayeron,28
1421	prayeron,29
1422	prayeron,30
1423	prayeron,31
1424	prayeroff,28
1425	prayeroff,29
1426	prayeroff,30
1427	prayeroff,31
1428	reset,0
1429	reset,1
1430	clickcross,0
1431	clickcross,1
1432	clickcross,2
1433	clickcross,3
1434	clickcross,4
1435	clickcross,5
1436	clickcross,6
1437	clickcross,7
1438	ring_30
1439	worldmap_icon,0
1440	worldmap_icon,1
1441	mini_topright
1442	verdana_11pt_regular
1443	verdana_11pt_bold
1445	verdana_13pt_regular
1446	verdana_13pt_bold
1447	verdana_15pt_regular
1448	mapfunction,0
1449	mapfunction,1
1450	mapfunction,2
1451	mapfunction,3
1452	mapfunction,4
1453	mapfunction,5
1454	mapfunction,6
1455	mapfunction,7
1456	mapfunction,8
1457	mapfunction,9
1458	mapfunction,10
1459	mapfunction,11
1460	mapfunction,12
1461	mapfunction,13
1462	mapfunction,14
1463	mapfunction,15
1464	mapfunction,16
1465	mapfunction,17
1466	mapfunction,18
1467	mapfunction,19
1468	mapfunction,20
1469	mapfunction,21
1470	mapfunction,22
1471	mapfunction,23
1472	mapfunction,24
1473	mapfunction,25
1474	mapfunction,26
1475	mapfunction,27
1476	mapfunction,28
1477	mapfunction,29
1478	mapfunction,30
1479	mapfunction,31
1480	mapfunction,32
1481	mapfunction,33
1482	mapfunction,34
1483	mapfunction,35
1484	mapfunction,36
1485	mapfunction,37
1486	mapfunction,38
1487	mapfunction,39
1488	mapfunction,40
1489	mapfunction,41
1490	mapfunction,42
1491	mapfunction,43
1492	mapfunction,44
1493	mapfunction,45
1494	mapfunction,46
1495	mapfunction,47
1496	mapfunction,48
1497	mapfunction,49
1498	mapfunction,50
1499	mapfunction,51
1500	mapfunction,52
1501	mapfunction,53
1502	mapfunction,54
1503	mapfunction,55
1504	mapfunction,56
1505	mapfunction,57
1506	mapfunction,58
1507	mapfunction,59
1508	mapfunction,60
1509	mapfunction,61
1510	mapfunction,62
1511	mapfunction,63
1512	mapfunction,64
1513	mapfunction,65
1514	mapfunction,66
1515	mapfunction,67
1516	mapfunction,68
1517	mapfunction,69
1518	mapfunction,70
1519	mapfunction,71
1520	mapfunction,72
1521	mapfunction,73
1522	mapfunction,74
1523	mapfunction,75
1524	mapfunction,76
1525	mapfunction,77
1526	mapfunction,78
1527	mapfunction,79
1528	mapfunction,80
1529	mapfunction,81
1530	mapfunction,82
1531	mapfunction,83
1532	mapfunction,84
1533	mapfunction,85
1534	mapfunction,86
1535	mapfunction,87
1536	mapfunction,88
1537	mapfunction,89
1538	mapfunction,90
1539	worldmap_marker,0
1540	worldmap_marker,1
1541	worldmap_marker,2
1542	arrow,0
1543	arrow,1
1544	hitmark,16
1545	tradebacking_beige
1546	v2_stone_button_in,8
1547	v2_stone_button_in,9
1548	v2_stone_button_in,10
1549	v2_stone_button_in,11
1550	v2_stone_button_in,12
1551	v2_stone_button_in,13
1552	v2_stone_button_in,14
1553	v2_stone_button_in,15
1554	v2_stone_button_out,8
1555	v2_stone_button_out,9
1556	v2_stone_button_out,10
1557	v2_stone_button_out,11
1558	v2_stone_button_out,12
1559	v2_stone_button_out,13
1560	v2_stone_button_out,14
1561	v2_stone_button_out,15
1562	options_icons,40
1563	options_icons,41
1564	options_icons,42
1565	options_icons,43
1566	options_icons,44
1567	options_icons,45
1568	options_icons,46
1569	options_icons,47
1570	options_icons,48
1571	options_icons,49
1572	windowmode_icons,4
1573	windowmode_icons,5
1574	windowmode_icons,6
1575	windowmode_icons,7
1576	poh_doors,0
1577	poh_doors,1
1578	poh_doors,2
1579	side_icons,18
1580	side_icons,19
1581	side_icons,20
1582	sideicons_interface,18
1583	sideicons_interface,19
1584	sideicons_interface,20
1585	miscgraphics4,0
1586	miscgraphics4,1
1587	miscgraphics4,2
1588	miscgraphics4,3
1589	miscgraphics4,4
1590	miscgraphics4,5
1591	miscgraphics4,6
1592	miscgraphics4,7
1593	miscgraphics4,8
1594	miscgraphics4,9
1595	miscgraphics4,10
1596	miscgraphics4,11
1597	miscgraphics4,12
1598	miscgraphics4,13
1599	miscgraphics4,14
1600	thumbs,0
1601	thumbs,1
1602	thumbs,2
1603	thumbs,3
1604	spectator,0
1605	spectator,1
1606	spectator,2
1607	orb_filler,9
1608	orb_filler,10
1609	orb_filler,11
1610	orb_icon,6
1611	mini_bottom
1612	keyboard_key_left
1613	keyboard_key_middle
1614	keyboard_key_right
1617	options_slider,8
1622	options_slider,9
1625	clickcircle_filled
1626	clickcircle_outline
1627	raids_challenge_icon
1628	hitmark,7
1629	hitmark,8
1630	hitmark,9
1631	hitmark,10
1632	hitmark,11
1633	hitmark,12
1634	hitmark,13
1635	ring_34
1636	orb_filler,12
1637	orb_filler,13
1638	options_slider,10
1639	options_slider,11
1648	leafytree_tiled
1649	titlebutton_large
1653	options_icons,50
1654	options_icons,51
1655	options_icons,52
1656	options_icons,53
1657	options_icons,54
1658	options_icons,55
1659	options_icons,56
1660	options_icons,57
1661	options_icons,58
1662	options_icons,59
1668	orb_icon,7
1669	mapfunction,91
1670	mapfunction,92
1671	mapfunction,93
1672	mapfunction,94
1673	mapfunction,95
1674	mapfunction,96
1675	mapfunction,97
1676	mapfunction,98
1677	mapfunction,99
1678	mapfunction,100
1679	mapfunction,101
1680	mapfunction,102
1681	mapfunction,103
1682	mapfunction,104
1683	mapfunction,105
1684	mapfunction,106
1685	mapfunction,107
1686	mapfunction,108
1687	mapfunction,109
1688	mapfunction,110
1689	mapfunction,111
1690	mapfunction,112
1691	mapfunction,113
1692	mapfunction,114
1693	mapfunction,115
1694	mapfunction,116
1695	mapfunction,117
1696	mapfunction,118
1697	ring_40
1698	worldmap_icon_large,0
1699	worldmap_icon_large,1
1700	options_buttons
1701	options_buttons_large
1702	options_icons_small,4
1703	options_icons_small,5
1708	side_icons,21
1709	side_icons,22
1710	side_icons,23
1711	sideicons_interface,21
1712	sideicons_interface,22
1713	sideicons_interface,23
1719	magic_necro_on,54
1720	magic_necro_on,55
1721	magic_necro_on,56
1722	magic_necro_on,57
1723	magic_necro_on,58
1724	magic_necro_on,59
1725	magic_necro_off,50
1726	mobile_stones,0
1727	mobile_stones,1
1728	pvp_warning_icon
1729	stoneborder_close_button,0
1730	stoneborder_close_button,1
1731	steelborder_close_button,0
1732	steelborder_close_button,1
1733	oge_title,0
1734	oge_title,1
1735	oge_title,2
1736	oge_title,3
1737	oge_title,4
1738	open_buttons,0
1739	open_buttons,1
1740	open_buttons,2
1741	open_buttons,3
1742	oge_images,0
1743	oge_images,1
1744	oge_images,2
1745	oge_images,3
1746	oge_images,4
1747	arrowkeys
1748	combat_autoretaliate,0
1749	combat_autoretaliate,1
1750	barbassault_icons,8
1751	2x_standard_spells_on,19
1752	2x_standard_spells_on,20
1753	2x_standard_spells_on,21
1754	2x_standard_spells_on,22
1755	2x_standard_spells_on,23
1756	2x_standard_spells_on,24
1757	2x_standard_spells_on,25
1758	2x_standard_spells_on,26
1759	2x_standard_spells_on,27
1760	2x_standard_spells_on,28
1761	2x_standard_spells_on,29
1762	2x_standard_spells_on,30
1763	2x_standard_spells_on,31
1764	2x_standard_spells_on,32
1765	2x_standard_spells_on,33
1766	2x_standard_spells_on,34
1767	2x_standard_spells_on,35
1768	2x_standard_spells_on,36
1769	2x_standard_spells_on,37
1770	2x_standard_spells_on,38
1771	2x_standard_spells_on,39
1772	2x_standard_spells_on,40
1773	2x_standard_spells_on,41
1774	2x_standard_spells_on,42
1775	2x_standard_spells_on,43
1776	2x_standard_spells_on,44
1777	2x_standard_spells_on,45
1778	2x_standard_spells_on,46
1779	2x_standard_spells_on,47
1780	2x_standard_spells_on,48
1781	2x_standard_spells_on,49
1782	2x_standard_spells_on,50
1783	2x_standard_spells_on,51
1784	2x_standard_spells_on,52
1785	2x_standard_spells_on,53
1786	2x_standard_spells_on,54
1787	2x_standard_spells_on,55
1788	2x_standard_spells_on,56
1789	2x_standard_spells_on,57
1790	2x_standard_spells_on,58
1791	2x_standard_spells_on,59
1792	2x_standard_spells_on,60
1793	2x_standard_spells_on,61
1794	2x_standard_spells_on,62
1795	2x_standard_spells_on,63
1796	2x_standard_spells_on,64
1797	2x_standard_spells_on,65
1798	2x_standard_spells_on,66
1799	2x_standard_spells_on,67
1800	2x_standard_spells_on,68
1801	2x_standard_spells_on,69
1802	2x_standard_spells_on,70
1803	2x_standard_spells_on,71
1804	2x_standard_spells_on,72
1805	2x_standard_spells_on,73
1806	2x_standard_spells_on,74
1807	2x_standard_spells_on,75
1808	2x_standard_spells_on,76
1809	2x_standard_spells_on,77
1810	2x_standard_spells_on,78
1811	2x_standard_spells_on,79
1812	2x_standard_spells_off,0
1813	2x_standard_spells_off,1
1814	2x_standard_spells_off,2
1815	2x_standard_spells_off,3
1816	2x_standard_spells_off,4
1817	2x_standard_spells_off,5
1818	2x_standard_spells_off,6
1819	2x_standard_spells_off,7
1820	2x_standard_spells_off,8
1821	2x_standard_spells_off,9
1822	2x_standard_spells_off,10
1823	2x_standard_spells_off,11
1824	2x_standard_spells_off,12
1825	2x_standard_spells_off,13
1826	2x_standard_spells_off,14
1827	2x_standard_spells_off,15
1828	2x_standard_spells_off,16
1829	2x_standard_spells_off,17
1830	2x_standard_spells_off,18
1831	2x_standard_spells_off,19
1832	2x_standard_spells_off,20
1833	2x_standard_spells_off,21
1834	2x_standard_spells_off,22
1835	2x_standard_spells_off,23
1836	2x_standard_spells_off,24
1837	2x_standard_spells_off,25
1838	2x_standard_spells_off,26
1839	2x_standard_spells_off,27
1840	2x_standard_spells_off,28
1841	2x_standard_spells_off,29
1842	2x_standard_spells_off,30
1843	2x_standard_spells_off,31
1844	2x_standard_spells_off,32
1845	2x_standard_spells_off,33
1846	2x_standard_spells_off,34
1847	2x_standard_spells_off,35
1848	2x_standard_spells_off,36
1849	2x_standard_spells_off,37
1850	2x_standard_spells_off,38
1851	2x_standard_spells_off,39
1852	2x_standard_spells_off,40
1853	2x_standard_spells_off,41
1854	2x_standard_spells_off,42
1855	2x_standard_spells_off,43
1856	2x_standard_spells_off,44
1857	2x_standard_spells_off,45
1858	2x_standard_spells_off,46
1859	2x_standard_spells_off,47
1860	2x_standard_spells_off,48
1861	2x_standard_spells_off,49
1862	2x_standard_spells_off,50
1863	2x_standard_spells_off,51
1864	2x_standard_spells_off,52
1865	2x_standard_spells_off,53
1866	2x_standard_spells_off,54
1867	2x_standard_spells_off,55
1868	2x_standard_spells_off,56
1869	2x_standard_spells_off,57
1870	2x_standard_spells_off,58
1871	2x_standard_spells_off,59
1872	2x_standard_spells_off,60
1873	2x_standard_spells_off,61
1874	2x_standard_spells_off,62
1875	2x_standard_spells_off,63
1876	2x_standard_spells_off,64
1877	2x_standard_spells_off,65
1878	2x_standard_spells_off,66
1879	2x_standard_spells_off,67
1880	2x_standard_spells_off,68
1881	2x_standard_spells_off,69
1882	2x_standard_spells_off,70
1883	2x_standard_spells_off,71
1884	2x_standard_spells_off,72
1885	2x_standard_spells_off,73
1886	2x_standard_spells_off,74
1887	2x_standard_spells_off,75
1888	2x_standard_spells_off,76
1889	2x_standard_spells_off,77
1890	2x_standard_spells_off,78
1891	2x_standard_spells_off,79
1892	2x_ancient_spells_on,0
1893	2x_ancient_spells_on,1
1894	2x_ancient_spells_on,2
1895	2x_ancient_spells_on,3
1896	2x_ancient_spells_on,4
1897	2x_ancient_spells_on,5
1898	2x_ancient_spells_on,6
1899	2x_ancient_spells_on,7
1900	2x_ancient_spells_on,8
1901	2x_ancient_spells_on,9
1902	2x_ancient_spells_on,10
1903	2x_ancient_spells_on,11
1904	2x_ancient_spells_on,12
1905	2x_ancient_spells_on,13
1906	2x_ancient_spells_on,14
1907	2x_ancient_spells_on,15
1908	2x_ancient_spells_on,16
1909	2x_ancient_spells_on,17
1910	2x_ancient_spells_on,18
1911	2x_ancient_spells_on,19
1912	2x_ancient_spells_on,20
1913	2x_ancient_spells_on,21
1914	2x_ancient_spells_on,22
1915	2x_ancient_spells_on,23
1916	2x_ancient_spells_on,24
1917	2x_ancient_spells_on,25
1918	2x_ancient_spells_on,26
1919	2x_ancient_spells_on,27
1920	2x_ancient_spells_on,28
1921	2x_ancient_spells_on,29
1922	2x_ancient_spells_off,0
1923	2x_ancient_spells_off,1
1924	2x_ancient_spells_off,2
1925	2x_ancient_spells_off,3
1926	2x_ancient_spells_off,4
1927	2x_ancient_spells_off,5
1928	2x_ancient_spells_off,6
1929	2x_ancient_spells_off,7
1930	2x_ancient_spells_off,8
1931	2x_ancient_spells_off,9
1932	2x_ancient_spells_off,10
1933	2x_ancient_spells_off,11
1934	2x_ancient_spells_off,12
1935	2x_ancient_spells_off,13
1936	2x_ancient_spells_off,14
1937	2x_ancient_spells_off,15
1938	2x_ancient_spells_off,16
1939	2x_ancient_spells_off,17
1940	2x_ancient_spells_off,18
1941	2x_ancient_spells_off,19
1942	2x_ancient_spells_off,20
1943	2x_ancient_spells_off,21
1944	2x_ancient_spells_off,22
1945	2x_ancient_spells_off,23
1946	2x_ancient_spells_off,24
1947	2x_ancient_spells_off,25
1948	2x_ancient_spells_off,26
1949	2x_ancient_spells_off,27
1950	2x_ancient_spells_off,28
1951	2x_ancient_spells_off,29
1952	2x_lunar_spells_on,0
1953	2x_lunar_spells_on,1
1954	2x_lunar_spells_on,2
1955	2x_lunar_spells_on,3
1956	2x_lunar_spells_on,4
1957	2x_lunar_spells_on,5
1958	2x_lunar_spells_on,6
1959	2x_lunar_spells_on,7
1960	2x_lunar_spells_on,8
1961	2x_lunar_spells_on,9
1962	2x_lunar_spells_on,10
1963	2x_lunar_spells_on,11
1964	2x_lunar_spells_on,12
1965	2x_lunar_spells_on,13
1966	2x_lunar_spells_on,14
1967	2x_lunar_spells_on,15
1968	2x_lunar_spells_on,16
1969	2x_lunar_spells_on,17
1970	2x_lunar_spells_on,18
1971	2x_lunar_spells_on,19
1972	2x_lunar_spells_on,20
1973	2x_lunar_spells_on,21
1974	2x_lunar_spells_on,22
1975	2x_lunar_spells_on,23
1976	2x_lunar_spells_on,24
1977	2x_lunar_spells_on,25
1978	2x_lunar_spells_on,26
1979	2x_lunar_spells_on,27
1980	2x_lunar_spells_on,28
1981	2x_lunar_spells_on,29
1982	2x_lunar_spells_on,30
1983	2x_lunar_spells_on,31
1984	2x_lunar_spells_on,32
1985	2x_lunar_spells_on,33
1986	2x_lunar_spells_on,34
1987	2x_lunar_spells_on,35
1988	2x_lunar_spells_on,36
1989	2x_lunar_spells_on,37
1990	2x_lunar_spells_on,38
1991	2x_lunar_spells_on,39
1992	2x_lunar_spells_on,40
1993	2x_lunar_spells_on,41
1994	2x_lunar_spells_on,42
1995	2x_lunar_spells_on,43
1996	2x_lunar_spells_on,44
1997	2x_lunar_spells_on,45
1998	2x_lunar_spells_on,46
1999	2x_lunar_spells_on,47
2000	2x_lunar_spells_on,48
2001	2x_lunar_spells_on,49
2002	2x_lunar_spells_off,0
2003	2x_lunar_spells_off,1
2004	2x_lunar_spells_off,2
2005	2x_lunar_spells_off,3
2006	2x_lunar_spells_off,4
2007	2x_lunar_spells_off,5
2008	2x_lunar_spells_off,6
2009	2x_lunar_spells_off,7
2010	2x_lunar_spells_off,8
2011	2x_lunar_spells_off,9
2012	2x_lunar_spells_off,10
2013	2x_lunar_spells_off,11
2014	2x_lunar_spells_off,12
2015	2x_lunar_spells_off,13
2016	2x_lunar_spells_off,14
2017	2x_lunar_spells_off,15
2018	2x_lunar_spells_off,16
2019	2x_lunar_spells_off,17
2020	2x_lunar_spells_off,18
2021	2x_lunar_spells_off,19
2022	2x_lunar_spells_off,20
2023	2x_lunar_spells_off,21
2024	2x_lunar_spells_off,22
2025	2x_lunar_spells_off,23
2026	2x_lunar_spells_off,24
2027	2x_lunar_spells_off,25
2028	2x_lunar_spells_off,26
2029	2x_lunar_spells_off,27
2030	2x_lunar_spells_off,28
2031	2x_lunar_spells_off,29
2032	2x_lunar_spells_off,30
2033	2x_lunar_spells_off,31
2034	2x_lunar_spells_off,32
2035	2x_lunar_spells_off,33
2036	2x_lunar_spells_off,34
2037	2x_lunar_spells_off,35
2038	2x_lunar_spells_off,36
2039	2x_lunar_spells_off,37
2040	2x_lunar_spells_off,38
2041	2x_lunar_spells_off,39
2042	2x_lunar_spells_off,40
2043	2x_lunar_spells_off,41
2044	2x_lunar_spells_off,42
2045	2x_lunar_spells_off,43
2046	2x_lunar_spells_off,44
2047	2x_lunar_spells_off,45
2048	2x_lunar_spells_off,46
2049	2x_lunar_spells_off,47
2050	2x_lunar_spells_off,48
2051	2x_lunar_spells_off,49
2052	2x_necro_spells_on,0
2053	2x_necro_spells_on,1
2054	2x_necro_spells_on,2
2055	2x_necro_spells_on,3
2056	2x_necro_spells_on,4
2057	2x_necro_spells_on,5
2058	2x_necro_spells_on,6
2059	2x_necro_spells_on,7
2060	2x_necro_spells_on,8
2061	2x_necro_spells_on,9
2062	2x_necro_spells_on,10
2063	2x_necro_spells_on,11
2064	2x_necro_spells_on,12
2065	2x_necro_spells_on,13
2066	2x_necro_spells_on,14
2067	2x_necro_spells_on,15
2068	2x_necro_spells_on,16
2069	2x_necro_spells_on,17
2070	2x_necro_spells_on,18
2071	2x_necro_spells_on,19
2072	2x_necro_spells_on,20
2073	2x_necro_spells_on,21
2074	2x_necro_spells_on,22
2075	2x_necro_spells_on,23
2076	2x_necro_spells_on,24
2077	2x_necro_spells_on,25
2078	2x_necro_spells_on,26
2079	2x_necro_spells_on,27
2080	2x_necro_spells_on,28
2081	2x_necro_spells_on,29
2082	2x_necro_spells_on,30
2083	2x_necro_spells_on,31
2084	2x_necro_spells_on,32
2085	2x_necro_spells_on,33
2086	2x_necro_spells_on,34
2087	2x_necro_spells_on,35
2088	2x_necro_spells_on,36
2089	2x_necro_spells_on,37
2090	2x_necro_spells_on,38
2091	2x_necro_spells_on,39
2092	2x_necro_spells_off,0
2093	2x_necro_spells_off,1
2094	2x_necro_spells_off,2
2095	2x_necro_spells_off,3
2096	2x_necro_spells_off,4
2097	2x_necro_spells_off,5
2098	2x_necro_spells_off,6
2099	2x_necro_spells_off,7
2100	2x_necro_spells_off,8
2101	2x_necro_spells_off,9
2102	2x_necro_spells_off,10
2103	2x_necro_spells_off,11
2104	2x_necro_spells_off,12
2105	2x_necro_spells_off,13
2106	2x_necro_spells_off,14
2107	2x_necro_spells_off,15
2108	2x_necro_spells_off,16
2109	2x_necro_spells_off,17
2110	2x_necro_spells_off,18
2111	2x_necro_spells_off,19
2112	2x_necro_spells_off,20
2113	2x_necro_spells_off,21
2114	2x_necro_spells_off,22
2115	2x_necro_spells_off,23
2116	2x_necro_spells_off,24
2117	2x_necro_spells_off,25
2118	2x_necro_spells_off,26
2119	2x_necro_spells_off,27
2120	2x_necro_spells_off,28
2121	2x_necro_spells_off,29
2122	2x_necro_spells_off,30
2123	2x_necro_spells_off,31
2124	2x_necro_spells_off,32
2125	2x_necro_spells_off,33
2126	2x_necro_spells_off,34
2127	2x_necro_spells_off,35
2128	2x_necro_spells_off,36
2129	2x_necro_spells_off,37
2130	2x_necro_spells_off,38
2131	2x_necro_spells_off,39
2132	logo_osrs
2134	login_icons
2135	titlebutton_wide
2136	titlebutton_wide42,0
2137	titlebutton_wide42,1
2138	storeorb
2139	stony_basalt,0
2140	orb_frame,2
2141	stony_basalt,1
2142	dashed_border,0
2143	dashed_border,1
2144	dashed_border,2
2145	dashed_border,3
2146	dashed_border,4
2147	dashed_border,5
2148	drag_handle
2152	close_buttons,10
2153	close_buttons,11
2154	resize_map_clickmask
2156	mod_icons_interface,0
2157	mod_icons_interface,1
2158	mod_icons_interface,2
2159	mod_icons_interface,3
2160	mod_icons_interface,4
2161	mod_icons_interface,5
2162	mod_icons_interface,6
2163	mod_icons_interface,7
2164	mod_icons_interface,8
2165	mod_icons_interface,9
2166	mod_icons_interface,10
2167	mod_icons_interface,11
2168	mod_icons_interface,12
2169	mod_icons_interface,13
2170	mod_icons_interface,14
2171	mod_icons_interface,15
2172	mod_icons_interface,16
2173	mod_icons_interface,17
2174	mod_icons_interface,18
2175	mod_icons_interface,19
2176	standard_health_30,0
2177	standard_health_30,1
2178	standard_health_50,0
2179	standard_health_50,1
2180	standard_health_60,0
2181	standard_health_60,1
2182	standard_health_80,0
2183	standard_health_80,1
2184	standard_health_100,0
2185	standard_health_100,1
2186	standard_health_120,0
2187	standard_health_120,1
2188	standard_health_140,0
2189	standard_health_140,1
2190	standard_health_160,0
2191	standard_health_160,1
2192	gauntlet_map_icons,0
2193	gauntlet_map_icons,1
2194	gauntlet_map_icons,2
2195	gauntlet_map_icons,3
2196	gauntlet_map_icons,4
2197	gauntlet_map_icons,5
2198	gauntlet_map_icons,6
2199	gauntlet_map_icons,7
2200	gauntlet_map_icons,8
2201	gauntlet_map_icons,9
2202	gauntlet_map_icons,10
2203	gauntlet_map_icons,11
2204	worldmap_icon,2
2205	worldmap_icon,3
2206	worldmap_icon_large,2
2207	worldmap_icon_large,3
2208	orb_filler,14
2210	mapfunction,119
2211	mapfunction,120
2212	mapfunction,121
2213	mapfunction,122
2214	mapfunction,123
2215	mapfunction,124
2216	mapfunction,125
2217	close_buttons,8
2218	close_buttons,9
2219	achievement_diary_icons,4
2220	adventurepath_placeholder
2225	pvpw_icons,3
2226	bankbuttons,8
2228	getting_started_with_attack
2229	getting_a_grip_on_it
2230	weapons_master
2231	getting_started_with_strength
2232	building_muscle
2233	body_builder
2234	getting_started_with_defence
2235	sticks_and_stones
2236	mithril_defence
2237	getting_started_with_magic
2238	striking_a_pose
2239	bringer_of_chaos
2240	getting_started_with_ranged
2241	honing_my_aim
2242	sharpshooter
2247	brown_border
2248	button_brown_small
2249	rightarrow_small_stone,0
2250	rightarrow_small_stone,1
2251	poh_board_icons,0
2252	poh_board_icons,1
2253	poh_board_icons,2
2254	poh_board_icons,3
2255	poh_board_icons,4
2256	poh_board_icons,5
2257	poh_board_icons,6
2258	poh_board_icons,7
2266	square_button,0
2267	square_button,1
2268	tradebacking_grey
2270	hitmark,17
2271	headicons_pk_interface,15
2272	achievement_diary_icons,5
2273	achievement_diary_icons,6
2274	achievement_diary_icons,7
2275	achievement_diary_icons,8
2276	achievement_diary_icons,9
2277	tabs_short,0
2278	tabs_short,1
2279	tabs_short,2
2280	tabs_short,3
2281	tabs_short,4
2282	tabs_short,5
2283	tabs_tall,0
2284	tabs_tall,1
2285	tabs_tall,2
2286	tabs_tall,3
2287	tabs_tall,4
2288	tabs_tall,5
2289	menu_buttons,0
2290	menu_buttons,1
2291	open_buttons,4
2292	open_buttons,5
2293	open_buttons,6
2294	open_buttons,7
2295	side_icons,24
2296	side_icons,25
2297	side_icons,26
2298	side_icons,27
2299	side_icons,28
2300	side_icons,29
2301	side_icons,30
2302	side_icons,31
2303	sideicons_interface,24
2304	sideicons_interface,25
2305	sideicons_interface,26
2306	sideicons_interface,27
2307	sideicons_interface,28
2308	sideicons_interface,29
2309	sideicons_interface,30
2310	sideicons_interface,31
2311	worldswitcher_stars,5
2312	open_buttons_small,0
2313	open_buttons_small,1
2314	open_buttons_small,2
2315	open_buttons_small,3
2316	league_task_tiers,0
2317	league_task_tiers,1
2318	league_task_tiers,2
2319	league_task_tiers,3
2320	league_task_tiers,4
2321	league_relics_large,0
2322	league_relics_large,1
2323	league_relics_large,2
2324	league_relics_large,3
2325	league_relics_large,4
2326	league_relics_large,5
2327	league_relics_large,6
2328	league_relics_large,7
2329	league_relics_large,8
2330	league_relics_large,9
2331	league_relics_large,10
2332	league_relics_large,11
2333	league_relics_large,12
2334	league_relics_large,13
2335	league_relics_large,14
2336	league_relics_large,15
2337	league_relics_large,16
2338	league_relics_large,17
2339	league_relics_large,18
2340	league_relics_large,19
2341	league_relics_large,20
2342	league_relics_large,21
2343	league_relics_large,22
2344	league_relics_large,23
2345	league_relics_large,24
2346	league_relics_large,25
2347	league_relics_large,26
2348	league_relics_large,27
2349	league_relics_large,28
2350	league_relics_large,29
2351	league_relics_large,30
2352	league_relics_large,31
2353	league_relics,0
2354	league_relics,1
2355	league_relics,2
2356	league_relics,3
2357	league_relics,4
2358	league_relics,5
2359	league_relics,6
2360	league_relics,7
2361	league_relics,8
2362	league_relics,9
2363	league_relics,10
2364	league_relics,11
2365	league_relics,12
2366	league_relics,13
2367	league_relics,14
2368	league_relics,15
2369	league_relics,16
2370	league_relics,17
2371	league_relics,18
2372	league_relics,19
2373	league_relics,20
2374	league_relics,21
2375	league_relics,22
2376	league_relics,23
2377	league_relics,24
2378	league_relics,25
2379	league_relics,26
2380	league_relics,27
2381	league_relics,28
2382	league_relics,29
2383	league_relics,30
2384	league_relics,31
2385	leftarrow_highlight
2386	league_progress_bar,0
2387	league_progress_bar,1
2388	league_progress_bar_indicator
2389	rightarrow_highlight
2390	league_relics_tli,0
2391	league_relics_tli,1
2392	league_relics_tli,2
2393	league_relics_tli,3
2394	league_relics_tli,4
2395	league_relics_tli,5
2396	league_relics_tli,6
2397	league_relics_tli,7
2398	league_relics_tli,8
2399	league_relics_tli,9
2400	league_relics_tli,10
2401	league_relics_tli,11
2402	league_relics_tli,12
2403	league_relics_tli,13
2404	league_relics_tli,14
2405	league_relics_tli,15
2406	tabs_short,6
2407	tabs_short,7
2408	tabs_tall,6
2409	tabs_tall,7
2417	banktab_icons,3
2418	icy_basalt,0
2419	icy_basalt,1
2420	wiki_icon,0
2421	wiki_icon,1
2423	emotes,48
2424	emotes,49
2425	emotes,50
2426	emotes,51
2427	emotes_locked,28
2428	emotes_locked,29
2429	emotes_locked,30
2430	emotes_locked,31
2431	standard_health_40,0
2432	standard_health_40,1
2433	standard_shield_30,0
2434	standard_shield_30,1
2435	standard_shield_40,0
2436	standard_shield_40,1
2437	standard_shield_50,0
2438	standard_shield_50,1
2439	standard_shield_60,0
2440	standard_shield_60,1
2441	standard_shield_80,0
2442	standard_shield_80,1
2443	standard_shield_100,0
2444	standard_shield_100,1
2445	standard_shield_120,0
2446	standard_shield_120,1
2447	standard_shield_140,0
2448	standard_shield_140,1
2449	standard_shield_160,0
2450	standard_shield_160,1
2451	standard_armour_30,0
2452	standard_armour_30,1
2453	standard_armour_40,0
2454	standard_armour_40,1
2455	standard_armour_50,0
2456	standard_armour_50,1
2457	standard_armour_60,0
2458	standard_armour_60,1
2459	standard_armour_80,0
2460	standard_armour_80,1
2461	standard_armour_100,0
2462	standard_armour_100,1
2463	standard_armour_120,0
2464	standard_armour_120,1
2465	standard_armour_140,0
2466	standard_armour_140,1
2467	standard_armour_160,0
2468	standard_armour_160,1
2469	standard_charge_30,0
2470	standard_charge_30,1
2471	standard_charge_40,0
2472	standard_charge_40,1
2473	standard_charge_50,0
2474	standard_charge_50,1
2475	standard_charge_60,0
2476	standard_charge_60,1
2477	standard_charge_80,0
2478	standard_charge_80,1
2479	standard_charge_100,0
2480	standard_charge_100,1
2481	standard_charge_120,0
2482	standard_charge_120,1
2483	standard_charge_140,0
2484	standard_charge_140,1
2485	standard_charge_160,0
2486	standard_charge_160,1
2487	ap_border,0
2488	ap_border,1
2489	ap_border,2
2490	ap_border,3
2491	ap_border,4
2492	ap_border,5
2493	ap_border,6
2494	ap_border,7
2495	no_path
2498	getting_started_with_fishing
2499	getting_started_with_mining
2500	getting_started_with_woodcutting
2501	headicons_pk_interface,16
2502	headicons_pk_interface,17
2503	headicons_pk_interface,18
2504	headicons_pk_interface,19
2505	headicons_pk_interface,20
2506	mod_icons_interface,20
2507	mod_icons_interface,21
2508	mod_icons_interface,22
2509	mod_icons_interface,23
2510	mod_icons_interface,24
2511	mod_icons_interface,25
2512	mod_icons_interface,26
2513	mod_icons_interface,27
2514	mod_icons_interface,28
2515	mod_icons_interface,29
2516	hud_brackets,0
2517	hud_brackets,1
2519	single_arrow
2520	worldmap_marker,3
2521	menu_buttons,2
2522	menu_buttons,3
2523	map_resize
2524	highlight_border,0
2525	highlight_border,1
2526	highlight_border,2
2527	highlight_border,3
2528	highlight_border,4
2529	highlight_border,5
2530	highlight_border,6
2531	highlight_border,7
2532	question_button,0
2533	question_button,1
2534	scroll_icon
2535	square_button_large,0
2536	square_button_large,1
2537	square_button_large,2
2538	rect_button,0
2539	rect_button,1
2546	steelborder_divider,0
2547	worldmap_marker,4
2548	worldmap_marker,5
2549	ap_path_icon,0
2550	ap_path_icon,1
2551	ap_path_icon,2
2552	ap_path_icon,3
2553	ap_path_icon,4
2554	ap_path_icon,5
2555	ap_path_banner,0
2556	ap_path_banner,1
2557	ap_path_banner,2
2558	ap_path_banner,3
2559	ap_path_banner,4
2560	automatic_wizard
2561	steelborder_divider,1
2562	steelborder_divider,2
2563	steelborder_divider,3
2580	mod_icons_interface,30
2581	mod_icons_interface,31
2582	mod_icons_interface,32
2583	mod_icons_interface,33
2584	mod_icons_interface,34
2585	mod_icons_interface,35
2586	mod_icons_interface,36
2587	mod_icons_interface,37
2588	mod_icons_interface,38
2589	mod_icons_interface,39
2590	leagues_membership_banner
2591	upgrade_membership_button
2592	upgrade_membership_button_highlight
2593	league_relics_outline,0
2594	league_relics_outline,1
2595	league_tiny_relic,0
2596	league_tiny_relic,1
2597	league_tutorial,0
2598	league_tutorial,1
2599	league_tutorial,2
2600	league_tutorial,3
2601	league_tutorial,4
2602	league_tutorial,5
2603	league_map
2604	trailblazer_relics_large,0
2605	trailblazer_relics_large,1
2606	trailblazer_relics_large,2
2607	trailblazer_relics_large,3
2608	trailblazer_relics_large,4
2609	trailblazer_relics_large,5
2610	trailblazer_relics_large,6
2611	trailblazer_relics_large,7
2612	trailblazer_relics_large,8
2613	trailblazer_relics_large,9
2614	trailblazer_relics_large,10
2615	trailblazer_relics_large,11
2616	trailblazer_relics_large,12
2617	trailblazer_relics_large,13
2618	trailblazer_relics_large,14
2619	trailblazer_relics_large,15
2620	trailblazer_relics_large,16
2621	trailblazer_relics_large,17
2622	trailblazer_relics_large,18
2623	trailblazer_relics_large,19
2624	trailblazer_relics_large,20
2625	trailblazer_relics_large,21
2626	trailblazer_relics_large,22
2627	trailblazer_relics_large,23
2628	trailblazer_relics_large,24
2629	trailblazer_relics_large,25
2630	trailblazer_relics_large,26
2631	trailblazer_relics_large,27
2632	trailblazer_relics_large,28
2633	trailblazer_relics_large,29
2634	trailblazer_relics_large,30
2635	trailblazer_relics_large,31
2636	trailblazer_relics_large,32
2637	trailblazer_relics_large,33
2638	trailblazer_relics_large,34
2639	trailblazer_relics_large,35
2640	trailblazer_relics_large,36
2641	trailblazer_relics_large,37
2642	trailblazer_relics_large,38
2643	trailblazer_relics_large,39
2644	trailblazer_relics_large,40
2645	trailblazer_relics_large,41
2646	trailblazer_relics_large,42
2647	trailblazer_relics_large,43
2648	trailblazer_relics_large,44
2649	trailblazer_relics_large,45
2650	trailblazer_relics_large,46
2651	trailblazer_relics_large,47
2652	trailblazer_relics,0
2653	trailblazer_relics,1
2654	trailblazer_relics,2
2655	trailblazer_relics,3
2656	trailblazer_relics,4
2657	trailblazer_relics,5
2658	trailblazer_relics,6
2659	trailblazer_relics,7
2660	trailblazer_relics,8
2661	trailblazer_relics,9
2662	trailblazer_relics,10
2663	trailblazer_relics,11
2664	trailblazer_relics,12
2665	trailblazer_relics,13
2666	trailblazer_relics,14
2667	trailblazer_relics,15
2668	trailblazer_relics,16
2669	trailblazer_relics,17
2670	trailblazer_relics,18
2671	trailblazer_relics,19
2672	trailblazer_relics,20
2673	trailblazer_relics,21
2674	trailblazer_relics,22
2675	trailblazer_relics,23
2676	trailblazer_relics,24
2677	trailblazer_relics,25
2678	trailblazer_relics,26
2679	trailblazer_relics,27
2680	trailblazer_relics,28
2681	trailblazer_relics,29
2682	trailblazer_relics,30
2683	trailblazer_relics,31
2684	trailblazer_relics,32
2685	trailblazer_relics,33
2686	trailblazer_relics,34
2687	trailblazer_relics,35
2688	trailblazer_relics,36
2689	trailblazer_relics,37
2690	trailblazer_relics,38
2691	trailblazer_relics,39
2692	trailblazer_relics,40
2693	trailblazer_relics,41
2694	trailblazer_relics,42
2695	trailblazer_relics,43
2696	trailblazer_relics,44
2697	trailblazer_relics,45
2698	trailblazer_relics,46
2699	trailblazer_relics,47
2700	trailblazer_relics_tli,0
2701	trailblazer_relics_tli,1
2702	trailblazer_relics_tli,2
2703	trailblazer_relics_tli,3
2704	trailblazer_relics_tli,4
2705	trailblazer_relics_tli,5
2706	trailblazer_relics_tli,6
2707	trailblazer_relics_tli,7
2708	trailblazer_relics_tli,8
2709	trailblazer_relics_tli,9
2710	trailblazer_relics_tli,10
2711	trailblazer_relics_tli,11
2712	trailblazer_relics_tli,12
2713	trailblazer_relics_tli,13
2714	trailblazer_relics_tli,14
2715	trailblazer_relics_tli,15
2716	trailblazer_relics_tli,16
2717	trailblazer_relics_tli,17
2718	trailblazer_progress_bar,0
2719	trailblazer_progress_bar,1
2720	trailblazer_progress_bar_indicator
2721	trailblazer_map_empty
2722	trailblazer_map_misthalin
2723	trailblazer_map_karamja
2724	trailblazer_map_wilderness
2725	trailblazer_map_asgarnia
2726	trailblazer_map_kandarin
2727	trailblazer_map_desert
2728	trailblazer_map_fremennik
2729	trailblazer_map_tirannwn
2730	trailblazer_map_morytania
2731	trailblazer_map_shields,0
2732	trailblazer_map_shields,1
2733	trailblazer_map_shields,2
2734	trailblazer_map_shields,3
2735	trailblazer_map_shields,4
2736	trailblazer_map_shields,5
2737	trailblazer_map_shields,6
2738	trailblazer_map_shields,7
2739	trailblazer_map_shields,8
2740	trailblazer_map_shields,9
2741	trailblazer_map_shields,10
2742	trailblazer_map_shields,11
2743	trailblazer_map_shields,12
2744	trailblazer_map_shields,13
2745	trailblazer_map_shields,14
2746	trailblazer_map_shields,15
2747	trailblazer_map_shields,16
2748	trailblazer_map_shields,17
2749	trailblazer_map_shields_large,0
2750	trailblazer_map_shields_large,1
2751	trailblazer_map_shields_large,2
2752	trailblazer_map_shields_large,3
2753	trailblazer_map_shields_large,4
2754	trailblazer_map_shields_large,5
2755	trailblazer_map_shields_large,6
2756	trailblazer_map_shields_large,7
2757	trailblazer_map_shields_large,8
2758	trailblazer_map_shields_large,9
2759	trailblazer_map_shields_large,10
2760	trailblazer_map_shields_large,11
2761	trailblazer_map_shields_large,12
2762	trailblazer_map_shields_large,13
2763	trailblazer_map_shields_large,14
2764	trailblazer_map_shields_large,15
2765	trailblazer_map_shields_large,16
2766	trailblazer_map_shields_large,17
2767	trailblazer_map_names,0
2768	trailblazer_map_names,1
2769	trailblazer_map_names,2
2770	trailblazer_map_names,3
2771	trailblazer_map_names,4
2772	trailblazer_map_names,5
2773	trailblazer_map_names,6
2774	trailblazer_map_names,7
2775	trailblazer_map_names,8
2776	trailblazer_map_names,9
2777	trailblazer_map_names,10
2778	trailblazer_map_names,11
2779	trailblazer_map_names,12
2780	trailblazer_map_names,13
2781	trailblazer_map_names,14
2782	trailblazer_map_names,15
2783	trailblazer_map_names,16
2784	trailblazer_map_names,17
2785	trailblazer_map_names,18
2786	trailblazer_map_names,19
2818	bankbuttons,9
2819	bankbuttons,10
2820	bankbuttons,11
2821	bankbuttons,12
2822	bankbuttons,13
2823	bankbuttons,14
2824	bankbuttons,15
2825	chatchannel_rank_icons,0
2826	chatchannel_rank_icons,1
2827	chatchannel_rank_icons,2
2828	chatchannel_rank_icons,3
2829	chatchannel_rank_icons,4
2830	chatchannel_rank_icons,5
2831	chatchannel_rank_icons,6
2832	chatchannel_rank_icons,7
2833	chatchannel_rank_icons,8
2834	settings_tabs,11
2835	settings_tabs,12
2836	settings_tabs,13
2837	settings_tabs,14
2838	settings_tabs,15
2839	settings_tabs,16
2840	settings_tabs,17
2841	settings_tabs,18
2842	settings_tabs,19
2843	settings_tabs,20
2844	settings_tabs,21
2845	settings_tabs,22
2846	settings_tabs,23
2847	toggle_box,0
2848	toggle_box,1
2849	toggle_box,2
2850	toggle_box,3
2851	toggle_box,4
2852	settings_slider,0
2853	settings_slider,1
2854	settings_slider,2
2855	settings_slider,3
2856	settings_slider,4
2857	settings_slider,5
2858	settings_slider,6
2859	settings_slider,7
2860	settings_slider,8
2861	settings_slider,9
2862	settings_slider,10
2863	settings_slider,11
2864	v2_borders_slim,11
2865	v2_borders_slim,12
2866	v2_borders_slim,13
2867	v2_borders_slim,14
2868	v2_borders_slim,15
2869	v2_borders_slim,16
2870	v2_borders_slim,17
2871	v2_borders_slim,18
2872	v2_borders_slim,19
2873	v2_borders_slim,20
2874	v2_borders_slim,21
2875	v2_borders_slim,22
2876	v2_borders_slim,23
2877	v2_borders_slim,24
2878	v2_borders_slim,25
2879	v2_borders_slim,26
2880	v2_borders_slim,27
2881	v2_borders_slim,28
2882	v2_borders_slim,29
2883	v2_borders_slim,30
2884	v2_borders_slim,31
2885	v2_borders_slim,32
2886	v2_borders_slim,33
2887	v2_borders_slim,34
2888	v2_borders_slim,35
2889	v2_borders_slim,36
2890	v2_borders_slim,37
2891	v2_borders_slim,38
2892	v2_borders_slim,39
2893	v2_borders_slim,40
2894	v2_borders_slim,41
2895	v2_borders_slim,42
2896	v2_borders_slim,43
2921	soul_wars_staticons,0
2922	soul_wars_staticons,1
2923	soul_wars_staticons,2
2924	soul_wars_staticons,3
2925	soul_wars_staticons,4
2926	soul_wars_staticons,5
2927	soul_wars_staticons,6
2928	soul_wars_staticons,7
2939	league_relics,32
2940	league_relics,33
2941	league_relics,34
2942	league_relics,35
2943	league_relics,36
2944	league_relics,37
2945	league_relics,38
2946	league_relics,39
2948	close_buttons,12
2949	close_buttons,13
2950	close_buttons,14
2951	close_buttons,15
2952	close_buttons,16
2953	close_buttons,17
2954	scrollbar_v2_dark,0
2955	scrollbar_v2_dark,1
2956	scrollbar_dragger_v2_dark,0
2957	scrollbar_dragger_v2_dark,1
2958	scrollbar_dragger_v2_dark,2
2959	scrollbar_dragger_v2_dark,3
2960	mapfunction,126
2961	mapfunction,127
2962	mapfunction,128
2963	mapfunction,129
2964	mapfunction,130
2965	mapfunction,131
2966	mapfunction,132
2971	standard_health_70,0
2972	standard_health_70,1
2973	standard_shield_70,0
2974	standard_shield_70,1
2975	standard_armour_70,0
2976	standard_armour_70,1
2977	standard_charge_70,0
2978	standard_charge_70,1
2979	magic_necro_on,44
2980	magic_necro_on,45
2981	magic_necro_on,46
2982	magic_necro_on,47
2983	magic_necro_on,48
2984	magic_necro_on,49
2985	magic_necro_off,44
2986	magic_necro_off,45
2987	magic_necro_off,46
2988	magic_necro_off,47
2989	magic_necro_off,48
2990	magic_necro_off,49
2991	2x_necro_spells_on,40
2992	2x_necro_spells_on,41
2993	2x_necro_spells_on,42
2994	2x_necro_spells_on,43
2995	2x_necro_spells_on,44
2996	2x_necro_spells_on,45
2997	2x_necro_spells_on,46
2998	2x_necro_spells_on,47
2999	2x_necro_spells_on,48
3000	2x_necro_spells_on,49
3001	2x_necro_spells_off,40
3002	2x_necro_spells_off,41
3003	2x_necro_spells_off,42
3004	2x_necro_spells_off,43
3005	2x_necro_spells_off,44
3006	2x_necro_spells_off,45
3007	2x_necro_spells_off,46
3008	2x_necro_spells_off,47
3009	2x_necro_spells_off,48
3010	2x_necro_spells_off,49
3015	orb_icon,8
3016	orb_icon,9
3017	orb_icon,10
3018	orb_icon,11
3019	orb_icon,12
3020	orb_icon,13
3021	orb_icon,14
3022	orb_icon,15
3023	blank
3024	icon_skull
3025	icon_crown
3026	icon_wizard
3027	icon_comedy
3028	icon_helmet
3029	icon_swords
3030	icon_tragedy
3031	icon_tools
3032	icon_tools2
3033	icon_arrows
3034	icon_balance
3035	icon_bandit
3036	icon_bones
3037	icon_cabbage
3038	icon_cat
3039	icon_compass
3040	icon_fish
3041	icon_heart
3042	icon_holy
3043	icon_hunter
3044	icon_ring
3045	icon_robin
3046	icon_rose
3047	icon_shield
3048	icon_unholy
3051	chat_tab_button,0
3052	chat_tab_button,1
3053	chat_tab_button,2
3054	chat_tab_button,3
3055	chat_tab_button,4
3056	chat_tab_button,5
3057	report_button,0
3058	report_button,1
3059	chat_type_icon,0
3060	chat_type_icon,1
3061	chat_type_icon,2
3062	clan_rank_icons,0
3063	clan_rank_icons,1
3064	clan_rank_icons,2
3065	clan_rank_icons,3
3066	clan_rank_icons,4
3067	clan_rank_icons,5
3068	clan_rank_icons,6
3069	clan_rank_icons,7
3070	clan_rank_icons,8
3071	clan_rank_icons,9
3072	clan_rank_icons,10
3073	clan_rank_icons,11
3074	clan_rank_icons,12
3075	clan_rank_icons,13
3076	clan_rank_icons,14
3077	clan_rank_icons,15
3078	clan_rank_icons,16
3079	clan_rank_icons,17
3080	clan_rank_icons,18
3081	clan_rank_icons,19
3082	clan_rank_icons,20
3083	clan_rank_icons,21
3084	clan_rank_icons,22
3085	clan_rank_icons,23
3086	clan_rank_icons,24
3087	clan_rank_icons,25
3088	clan_rank_icons,26
3089	clan_rank_icons,27
3090	clan_rank_icons,28
3091	clan_rank_icons,29
3092	clan_rank_icons,30
3093	clan_rank_icons,31
3094	clan_rank_icons,32
3095	clan_rank_icons,33
3096	clan_rank_icons,34
3097	clan_rank_icons,35
3098	clan_rank_icons,36
3099	clan_rank_icons,37
3100	clan_rank_icons,38
3101	clan_rank_icons,39
3102	clan_rank_icons,40
3103	clan_rank_icons,41
3104	clan_rank_icons,42
3105	clan_rank_icons,43
3106	clan_rank_icons,44
3107	clan_rank_icons,45
3108	clan_rank_icons,46
3109	clan_rank_icons,47
3110	clan_rank_icons,48
3111	clan_rank_icons,49
3112	clan_rank_icons,50
3113	clan_rank_icons,51
3114	clan_rank_icons,52
3115	clan_rank_icons,53
3116	clan_rank_icons,54
3117	clan_rank_icons,55
3118	clan_rank_icons,56
3119	clan_rank_icons,57
3120	clan_rank_icons,58
3121	clan_rank_icons,59
3122	clan_rank_icons,60
3123	clan_rank_icons,61
3124	clan_rank_icons,62
3125	clan_rank_icons,63
3126	clan_rank_icons,64
3127	clan_rank_icons,65
3128	clan_rank_icons,66
3129	clan_rank_icons,67
3130	clan_rank_icons,68
3131	clan_rank_icons,69
3132	clan_rank_icons,70
3133	clan_rank_icons,71
3134	clan_rank_icons,72
3135	clan_rank_icons,73
3136	clan_rank_icons,74
3137	clan_rank_icons,75
3138	clan_rank_icons,76
3139	clan_rank_icons,77
3140	clan_rank_icons,78
3141	clan_rank_icons,79
3142	clan_rank_icons,80
3143	clan_rank_icons,81
3144	clan_rank_icons,82
3145	clan_rank_icons,83
3146	clan_rank_icons,84
3147	clan_rank_icons,85
3148	clan_rank_icons,86
3149	clan_rank_icons,87
3150	clan_rank_icons,88
3151	clan_rank_icons,89
3152	clan_rank_icons,90
3153	clan_rank_icons,91
3154	clan_rank_icons,92
3155	clan_rank_icons,93
3156	clan_rank_icons,94
3157	clan_rank_icons,95
3158	clan_rank_icons,96
3159	clan_rank_icons,97
3160	clan_rank_icons,98
3161	clan_rank_icons,99
3162	clan_rank_icons,100
3163	clan_rank_icons,101
3164	clan_rank_icons,102
3165	clan_rank_icons,103
3166	clan_rank_icons,104
3167	clan_rank_icons,105
3168	clan_rank_icons,106
3169	clan_rank_icons,107
3170	clan_rank_icons,108
3171	clan_rank_icons,109
3172	clan_rank_icons,110
3173	clan_rank_icons,111
3174	clan_rank_icons,112
3175	clan_rank_icons,113
3176	clan_rank_icons,114
3177	clan_rank_icons,115
3178	clan_rank_icons,116
3179	clan_rank_icons,117
3180	clan_rank_icons,118
3181	clan_rank_icons,119
3182	clan_rank_icons,120
3183	clan_rank_icons,121
3184	clan_rank_icons,122
3185	clan_rank_icons,123
3186	clan_rank_icons,124
3187	clan_rank_icons,125
3188	clan_rank_icons,126
3189	clan_rank_icons,127
3190	clan_rank_icons,128
3191	clan_rank_icons,129
3192	clan_rank_icons,130
3193	clan_rank_icons,131
3194	clan_rank_icons,132
3195	clan_rank_icons,133
3196	clan_rank_icons,134
3197	clan_rank_icons,135
3198	clan_rank_icons,136
3199	clan_rank_icons,137
3200	clan_rank_icons,138
3201	clan_rank_icons,139
3202	clan_rank_icons,140
3203	clan_rank_icons,141
3204	clan_rank_icons,142
3205	clan_rank_icons,143
3206	clan_rank_icons,144
3207	clan_rank_icons,145
3208	clan_rank_icons,146
3209	clan_rank_icons,147
3210	clan_rank_icons,148
3211	clan_rank_icons,149
3212	clan_rank_icons,150
3213	clan_rank_icons,151
3214	clan_rank_icons,152
3215	clan_rank_icons,153
3216	clan_rank_icons,154
3217	clan_rank_icons,155
3218	clan_rank_icons,156
3219	clan_rank_icons,157
3220	clan_rank_icons,158
3221	clan_rank_icons,159
3222	clan_rank_icons,160
3223	clan_rank_icons,161
3224	clan_rank_icons,162
3225	clan_rank_icons,163
3226	clan_rank_icons,164
3227	clan_rank_icons,165
3228	clan_rank_icons,166
3229	clan_rank_icons,167
3230	clan_rank_icons,168
3231	clan_rank_icons,169
3232	clan_rank_icons,170
3233	clan_rank_icons,171
3234	clan_rank_icons,172
3235	clan_rank_icons,173
3236	clan_rank_icons,174
3237	clan_rank_icons,175
3238	clan_rank_icons,176
3239	clan_rank_icons,177
3240	clan_rank_icons,178
3241	clan_rank_icons,179
3242	clan_rank_icons,180
3243	clan_rank_icons,181
3244	clan_rank_icons,182
3245	clan_rank_icons,183
3246	clan_rank_icons,184
3247	clan_rank_icons,185
3248	clan_rank_icons,186
3249	clan_rank_icons,187
3250	clan_rank_icons,188
3251	clan_rank_icons,189
3252	clan_rank_icons,190
3253	clan_rank_icons,191
3254	clan_rank_icons,192
3255	clan_rank_icons,193
3256	clan_rank_icons,194
3257	clan_rank_icons,195
3258	clan_rank_icons,196
3259	clan_rank_icons,197
3260	clan_rank_icons,198
3261	clan_rank_icons,199
3262	clan_rank_icons,200
3263	clan_rank_icons,201
3264	clan_rank_icons,202
3265	clan_rank_icons,203
3266	clan_rank_icons,204
3267	clan_rank_icons,205
3268	clan_rank_icons,206
3269	clan_rank_icons,207
3270	clan_rank_icons,208
3271	clan_rank_icons,209
3272	clan_rank_icons,210
3273	clan_rank_icons,211
3274	clan_rank_icons,212
3275	clan_rank_icons,213
3276	clan_rank_icons,214
3277	clan_rank_icons,215
3278	clan_rank_icons,216
3279	clan_rank_icons,217
3280	clan_rank_icons,218
3281	clan_rank_icons,219
3282	clan_rank_icons,220
3283	clan_rank_icons,221
3284	clan_rank_icons,222
3285	clan_rank_icons,223
3286	clan_rank_icons,224
3287	clan_rank_icons,225
3288	clan_rank_icons,226
3289	clan_rank_icons,227
3290	clan_rank_icons,228
3291	clan_rank_icons,229
3292	clan_rank_icons,230
3293	clan_rank_icons,231
3294	clan_rank_icons,232
3295	clan_rank_icons,233
3296	clan_rank_icons,234
3297	clan_rank_icons,235
3298	clan_rank_icons,236
3299	clan_rank_icons,237
3300	clan_rank_icons,238
3301	clan_rank_icons,239
3302	clan_rank_icons,240
3303	clan_rank_icons,241
3304	clan_rank_icons,242
3305	clan_rank_icons,243
3306	clan_rank_icons,244
3307	clan_rank_icons,245
3308	clan_rank_icons,246
3309	clan_rank_icons,247
3310	clan_rank_icons,248
3311	clan_rank_icons,249
3312	clan_rank_icons,250
3313	clan_rank_icons,251
3314	clan_rank_icons,252
3315	clan_rank_icons,253
3316	clan_rank_icons,254
3317	clan_rank_icons,255
3318	clan_rank_icons,256
3319	clan_rank_icons,257
3320	clan_rank_icons,258
3321	clan_rank_icons,259
3322	clan_rank_icons,260
3323	clan_rank_icons,261
3324	clan_rank_icons,262
3325	clan_rank_icons,263
3326	clan_rank_icons,264
3327	clan_rank_icons,265
3328	clan_rank_icons,266
3329	clan_rank_icons,267
3330	clan_rank_icons,268
3331	clan_rank_icons,269
3332	clan_rank_icons,270
3333	clan_rank_icons,271
3334	clan_rank_icons,272
3335	clan_rank_icons,273
3336	clan_rank_icons,274
3337	mapdots_interface,6
3338	options_icons_small,7
3339	options_icons_small,8
3340	options_icons_small,9
3341	options_icons_small,10
3342	options_icons_small,11
3343	options_icons_small,12
3344	options_icons_small,13
3345	options_icons_small,14
3346	options_icons_small,15
3347	options_icons_small,16
3348	options_icons_small,17
3349	options_icons_small,18
3350	options_icons_small,19
3351	magic_necro_off,51
3352	magic_necro_off,52
3353	magic_necro_off,53
3354	magic_necro_off,54
3355	magic_necro_off,55
3356	magic_necro_off,56
3357	magic_necro_off,57
3358	magic_necro_off,58
3359	magic_necro_off,59
3364	leafytree_tiled02
3365	leafytree02
3370	mod_icons_interface,40
3371	mod_icons_interface,41
3372	mod_icons_interface,42
3373	mod_icons_interface,43
3374	mod_icons_interface,44
3375	mod_icons_interface,45
3376	mod_icons_interface,46
3377	mod_icons_interface,47
3378	mod_icons_interface,48
3379	mod_icons_interface,49
3386	account_icons,0
3387	account_icons,1
3388	account_icons,2
3389	account_icons,3
3390	account_icons,4
