0	100guide_eggs_overlay
1	100guide_flour_overlay
2	100guide_inv_flour
3	100guide_milk_overlay
5	agilityarena_overlay
8	ahoy_islandmap
9	ahoy_runedraw
10	ahoy_windspeed
24	barrows_overlay
25	barrows_puzzle
29	blast_furnace_plan_scroll
30	blast_furnace_temp_gauge
31	boardgames_challenge
32	boardgames_draughts
36	boardgames_runelink
40	boardgames_runesquares
43	boardgames_runesquares_view
44	boardgames_runeversi
48	bob_locator_amulet
54	castlewars_catapult
55	castlewars_score
56	castlewars_shopside
58	castlewars_status_overlay_saradomin
59	castlewars_status_overlay_zamorak
61	cat_naming
62	cave_goblin_markers
63	champions_scroll
96	darkness_dark
97	darkness_light
98	darkness_medium
99	death_dice
103	pattern_next
117	enakh_film
118	enakh_smoke_overlay
123	fairy_certificate
124	fairy_symptoms
125	farming_tools
126	farming_tools_side
132	garden_list
133	garden_quiz
135	aide_compass
138	glidermap
139	gnomeball
142	horror_metaldoor
144	hauntedmine_controls
149	inventory
150	keldagrim_map
151	keldagrim_story1
152	keldagrim_titles
182	logout
185	macro_combilock
186	macro_evil_bob
188	macro_mime_emotes
191	macro_quizshow
194	magictraining_alchem
196	magictraining_grave
197	magictraining_shop
198	magictraining_tele
209	mazetimer
218	magic_spellbook
220	messagescroll
221	messagescroll2
223	peng_emote
224	misc_shipjourney
225	mm_message
227	mourning_deathalter_list
249	surok_letter1
250	surok_letter2
252	olaf2_lock_gate
253	olaf2_skull_puzzle
254	olaf2_treasuremap
260	dream_armour
261	options
273	prisonpete
282	ratcatcher_flute
283	ratcatcher_flute_music
285	rd_combolock
286	regicide_still
290	roguesden_dials
293	roguesden_puzzle
294	rum_deal_censor
295	rum_deal_title
296	sandstorm
297	sandwich_tray
298	seer_combolock
299	ship_journey
308	cata_boss
313	smokeoverlay
315	soulbane_angerbar
319	cws_warning_25
320	stats
321	swamp_boatjourney
322	swamp_boatjourney_back
324	tanner
325	target
326	teleport_other
327	cws_warning_11
329	templetrek_map
332	thormac
334	tradeconfirm
335	trademain
336	tradeside
345	poll_results
346	trail_map01
347	trail_map02
348	trail_map03
349	trail_map04
350	trail_map05
351	trail_map06
352	trail_map07
353	trail_map08
354	trail_map09
355	trail_map10
356	trail_map11
357	trail_map12
358	trail_map13
359	trail_map14
360	trail_map15
361	trail_map16
362	trail_map17
365	trail_sextant
366	trawler_overlay
367	trawler_reward
368	trawler_start
369	tribal_door
373	tzhaar_fightpit
374	tzhaar_fightpit_orb
378	welcome_screen
386	wom_telescope
387	wornitems
393	poh_hangman
401	poh_ranging
403	poh_sawmill
404	poh_scrying_pool
407	pest_lander_overlay
408	pest_status_overlay
409	mcannon_interface
410	warguild_defence
411	warguild_defence_mini
412	warguild_dummy
414	brew_game_over
415	brew_overlay
417	brew_tools
420	beehive
423	fairy2_certificate_broken
424	fairy2_message
427	scroll_godfather
428	ntk_overlay
433	xbows_pouch
438	crafting_silver_casting
452	myq3_statue_painting
453	myq3_blackout
461	seaslug_boat_travel
463	kings_letter_v2
469	zep_balloon_map
470	zep_interface
471	zep_interface_side
480	anma_rgb
484	barbassault_horn
485	barbassault_over_att
486	barbassault_over_col
487	barbassault_over_def
488	barbassault_over_heal
490	barbassault_playerstat
494	barbassault_timer_overlay
495	barbassault_turret
496	barbassault_tutorial
497	barbassault_wavecomplete
498	contact_scroll_blood
505	peng_ship_journey
508	tol_homonculus_overlay
509	tol_cage_puzzle
510	tol_pressure_machine
511	tol_pipe_machine
512	inventory_ranging
514	brain_cat_overlay
515	brain_gas_overlay
521	dream_cyrisus
522	dream_monster_stat
523	dream_player_stats
524	dream_title
528	vm_digsite
532	vm_kudos
534	vm_timeline
535	grim_piano
536	grim_recipe
538	grim_tasklist
543	dragon_slayer_qip_clouds
544	dragon_slayer_qip_cr_journey
545	dragon_slayer_qip_elvarg
546	dragon_slayer_qip_elvarg_fly
547	dragon_slayer_qip_map
548	toplevel
553	snapshot_main
559	pattern_cards
560	cws_warning_9
562	cws_warning_2
563	cws_warning_5
564	cws_warning_23
565	cws_warning_10
566	cws_warning_6
567	cws_warning_14
568	cws_warning_3
569	cws_warning_16
570	cws_warning_17
571	cws_warning_19
572	cws_warning_13
573	cws_warning_12
574	cws_warning_1
576	cws_warning_8
577	cws_warning_18
578	cws_warning_15
579	cws_warning_4
580	cws_warning_20
581	cws_warning_24
583	cws_doomsayer
584	confirm_destroy
585	kr_pyramid_escape
588	kr_picklock
590	poh_jewellery_box