0	swarm_ready
6	boulder_walk_f
10	shark_ready
13	shade_walk_f
15	shade_ready
16	temple_guardian_walk_f
17	temple_guardian_ready
21	baby_red_dragon_walk_f
27	baby_red_dragon_ready
29	guanic_bat_walk_f
35	guanic_bat_ready
45	camel_walk_f
51	camel_ready
63	demon_walk_f
66	demon_ready
79	steel_dragon_walk_f
90	king_black_dragon_ready
93	tree_spirit_walk_f
96	tree_spirit_ready
98	dwarf_walk_f
101	dwarf_ready
104	drunken_dwarf_walk_f
106	treasure_fairy_walk_f
112	treasure_fairy_ready
119	azzanadra_walk_f
125	azzanadra_ready
127	kolodion_walk_f
130	kolodion_ready
142	spidine_walk_f
145	huge_spider
152	golem_walk_f
155	golem_ready
162	hobgoblin_walk_f
166	hobgoblin
168	imp_walk_f
171	imp_ready
180	cow_ready
181	magic_axe_walk_f
187	magic_axe_ready
189	tool_leprechaun_walk_f
195	hudo_ready
205	gnome_baller_ready
208	gnome_baller_ready
219	monkey_walk_f
222	monkey_ready
225	cave_crawler_walk_f
226	cave_crawler_ready
229	cow_walk_f
232	sheep_ready
233	sheep_walk_f
239	crypt_rat_walk_f
242	crypt_rat_ready
249	goat_walk_f
252	goat_ready
254	skavid_walk_f
257	skavid_ready
259	skeleton_walk_f
262	skeleton_ready
274	snake_walk_f
277	snake_ready
283	troll_walk_f
286	troll
288	unicorn_walk_f
291	unicorn_ready
293	yeti_walk_f
296	yeti_ready
298	zombie_walk_f
301	zombie_ready
303	mammoth_walk_f
306	mammoth_ready
308	general_bentnoze_walk_f
311	general_bentnoze_ready
314	evil_bob_walk_f
317	cat
332	spirit_tree
333	spirit_tree
336	soulless_walk_f
337	soulless_ready
346	iban_ready
349	strange_plant_ready
357	ogre_ready
358	ogre_walk_f
362	butterfly_ready
364	alrena_ready
367	portal_nexus
440	farmer_ready
446	magical_shield
447	ominous_fishing_spot
448	rod_fishing_spot_walk_f
449	broken_barrel
456	whirlpool
459	speartrap
464	ship_hull
467	lamp
468	charms
470	spooky_picture
471	flagpole
472	sails
473	standing_torch
474	bridge
475	fire_remains
476	fire_wall
477	fireplace
478	fireplace
479	cauldron
480	swamp_bubbles
488	weather_vane
492	fly_trap
493	pool_of_slime
494	flames
498	party_balloon
499	party_balloon
500	party_balloon
501	party_balloon
502	zapper
503	altar
504	tree
505	daeyalt_essence
523	shining_pool
524	furnace
525	fishing_spot_ready
619	tegid_ready
623	fisherman_ready
627	miner_ready
772	auguste_walk_f
773	auguste_ready
784	knight_ready
786	maniacal_monkey_ready
792	genie_ready
800	half_soulless_ready
808	human_ready
809	oath_lord_drows_ready
813	doomsayer_ready
819	human_walk_f
820	human_walk_b
821	human_walk_l
822	human_walk_r
824	ithoi_the_navigator_walk_f
830	slave_ready
838	gadderanks_ready
841	filliman_tarlock_walk_f
842	filliman_tarlock_ready
844	nickolaus_walk_f
845	nickolaus_ready
847	death_ready
860	abigale_ready
866	sister_soul_jar_ready
900	drunken_dwarf_ready
912	flowers
917	entrance
925	dad_ready
926	ice_troll_ready
927	rock_ready
932	sea_slug_ready
933	sea_slug_walk_f
1007	terrorbird_walk_f
1008	terrorbird_ready
1017	spit_roast
1018	swamp_toad_ready
1020	bloated_toad_ready
1021	swamp_toad_walk_f
1027	fire_elemental_ready
1028	fire_elemental_walk_f
1039	air_elemental_ready
1045	water_elemental_ready
1047	water_elemental_walk_f
1049	bellows
1051	water_wheel
1052	machinery
1071	will_o_the_wisp_ready
1072	monument
1073	golden_lantern
1085	ghast_walk_f
1086	ghast_ready
1091	ghast_walk_f
1092	ghast_ready
1096	fungi_on_log
1097	golden_pear_bush
1098	budding_branch
1103	blade
1104	screaming_banshee_walk_f
1108	ticket_dispenser
1112	floor_spikes
1127	strange_shrine
1137	strange_watcher_ready
1139	ice_troll_walk_f
1140	dad_walk_f
1141	rock_walk_f
1144	rug_merchant_ready
1146	doomsayer_walk_f
1147	soldier_ready
1159	twig_ready
1183	flesh_crawler_ready
1189	flesh_crawler_walk_f
1197	the_shaikahan_walk_f
1198	the_shaikahan_ready
1205	lumbridge_guide_walk_f
1206	lumbridge_guide_walk_b
1207	lumbridge_guide_walk_l
1208	lumbridge_guide_walk_r
1209	ramocean_walk_l
1210	iorwerth_warrior_walk_f
1212	elven_lamp
1223	catapult
1231	barrel
1233	barrel
1234	tent_wall
1235	well
1242	bunny_ready
1243	bunny_walk_f
1261	mist_ready
1269	leech_walk_f
1270	leech_ready
1274	myre_blamish_snail_walk_f
1275	ghoul_ready
1276	myre_blamish_snail_ready
1281	loar_shade_walk_f
1282	loar_shade_ready
1289	loar_shadow_walk_f
1290	loar_shadow_ready
1293	temple_wall
1294	temple_wall
1295	temple_wall
1296	temple_wall
1297	temple_wall
1298	temple_wall
1299	temple_wall
1300	temple_wall
1301	temple_wall
1302	temple_wall
1303	funeral_pyre
1304	funeral_pyre
1306	afflicted_ulsquire_walk_f
1308	shade_spirit_ready
1310	rock_crab_ready
1311	rock_crab_walk_f
1315	rocks_ready
1318	olaf_the_bard_ready
1321	prince_brand_ready
1322	da_vinci_ready
1323	ospak_walk_f
1324	ospak_walk_b
1325	ospak_walk_l
1326	ospak_walk_r
1334	spit_roast
1338	dagannoth
1339	dagannoth_walk_f
1344	dagannoth_ready
1345	dagannoth_ready
1346	dagannoth_ready
1347	lighting_mechanism
1348	lighting_mechanism
1349	lighting_mechanism
1350	dark_wizard_ready
1365	lumberjack_leif_ready
1380	monkey_guard_walk_f
1382	small_zombie_monkey_walk_f
1385	kruk_walk_f
1386	kruk_ready
1387	denadu_ready
1388	sleeping_monkey_ready
1398	awowogei
1399	gorilla_walk_f
1401	gorilla_ready
1411	gnome_glider
1412	saboteur_ready
1416	sacrificial_pyre
1421	gravingas_ready
1422	gravingas_walk_f
1423	gravingas_walk_b
1424	gravingas_walk_l
1425	gravingas_walk_r
1430	saradomin_standard
1431	catapult
1433	energy_barrier
1442	corpse_ready
1445	iron_pickaxe_ready
1450	innocent_looking_key_ready
1451	innocent_looking_key_walk_f
1471	altar
1473	awakened_altar
1474	ug_ready
1476	troll_child_ready
1480	ug_ready
1505	aberrant_spectre_walk_f
1506	aberrant_spectre_ready
1510	kurask_walk_f
1511	kurask_ready
1515	gargoyle_walk_f
1516	gargoyle_ready
1521	banshee_walk_f
1522	banshee_ready
1526	nechryael_walk_f
1527	nechryael_ready
1532	statue
1533	statue
1534	abyssal_demon_walk_f
1536	abyssal_demon_ready
1539	death_spawn_ready
1544	basilisk_walk_f
1545	basilisk_ready
1549	bloodveld_walk_f
1551	bloodveld_ready
1554	dust_devil_walk_f
1556	dust_devil_ready
1559	cockatrice_walk_f
1561	cockatrice_ready
1564	rockslug_walk_f
1566	rockslug_ready
1578	pyrefiend_ready
1579	pyrefiend_walk_f
1583	jelly_ready
1584	jelly_walk_f
1588	crawling_hand_ready
1589	crawling_hand_walk_f
1593	turoth_walk_f
1594	turoth_ready
1600	goal
1607	skullball_ready
1608	skullball_walk_f
1609	experiment_ready
1610	experiment_walk_f
1614	experiment_ready
1615	experiment_walk_f
1622	fenkenstrains_monster_walk_f
1623	fenkenstrains_monster_ready
1624	experiment_walk_f
1625	experiment_ready
1629	fireplace
1630	fireplace_surround
1631	signpost
1632	lightning_conductor
1636	crystal_growth
1638	scrying_orb
1639	ghost_ready
1640	ghost_walk_f
1657	ectofuntus
1660	lithil_walk_f
1662	oathbreaker_mals_ready
1663	oathbreaker_mals_walk_f
1673	miss_schism_ready
1678	corporeal_beast_ready
1684	corporeal_beast_walk_f
1688	dark_energy_core_ready
1703	mysterious_adventurer_walk_f
1713	mysterious_adventurer_ready
1716	badger_ready
1718	badger_walk_f
1721	snakeling_ready
1726	grandfather_clock
1727	rock
1728	slave_ready
1729	water_wheel
1730	standard
1731	millstones
1732	uncooking_pot
1733	weather_vane
1734	standard
1737	goblin_ready
1738	goblin_walk_f
1739	odd_old_man_walk_f
1740	odd_old_man_ready
1747	gnome_landing_light
1748	slagilith_walk_f
1749	slagilith_ready
1753	slagilith_ready
1754	rock_pile_ready
1756	the_kendal_ready
1757	the_kendal_walk_f
1773	bald_headed_eagle_ready
1781	cave_bug_larva_walk_f
1782	cave_bug_larva_ready
1788	cave_slime_walk_f
1790	cave_slime_ready
1796	frog_ready
1797	frog_walk_f
1798	hole_in_the_wall_ready
1799	wall_beast_ready
1824	abigaila_ready
1828	smoke_devil_walk_f
1829	smoke_devil
1838	arzinian_avatar_of_strength_ready
1839	arzinian_avatar_of_strength_walk_f
1845	cannonball
1846	gold_cannonball
1847	fire
1868	lamp
1869	fireplace
1875	table
1879	ali_the_snake_charmer_ready
1881	dung
1900	snake_ready
1908	portal
1909	door
1912	clay_golem_walk_f
1913	clay_golem_ready
1915	vampyre_tomb
1923	cactus
1939	pitfall
1943	obelisk
1944	wall_crusher
1945	scarabs_walk_f
1947	scarabs_ready
1952	bandit_ready
1953	bandit_ready
1954	bandit_ready
1955	bandit_ready
1999	doorway
2011	locust_walk_f
2012	locust_ready
2016	vulture_walk_f
2017	vulture_ready
2024	vulture_ready
2027	sphinx_walk_f
2028	sphinx_ready
2036	crocodile_walk_f
2037	crocodile_ready
2051	light_creature_ready
2054	blue_tears
2056	juna
2060	verac_the_defiled_walk_f
2061	verac_the_defiled_ready
2064	skeleton_hero_walk_f
2065	skeleton_hero_ready
2069	bloodworm_walk_f
2071	bloodworm_ready
2074	aivas_ready
2076	aivas_walk_f
2088	pilg_ready
2089	grug_ready
2091	sithik_ints
2099	skogre_ready
2100	zogre_ready
2104	zogre_walk_f
2126	fishing_spot_ready
2134	dromunds_cat_ready
2135	crusher
2136	bookcase
2137	plant
2149	dark_mage_ready
2150	dwarven_miner_ready
2151	purple_pewter_director_ready
2152	white_chisel_director_ready
2153	yellow_fortune_director_ready
2154	red_axe_director_walk_f
2155	red_axe_director_ready
2156	yellow_fortune_director_walk_f
2157	agmundi_ready
2158	blue_opal_secretary_ready
2159	evil_bob_ready
2163	ayesha_ready
2164	ayesha_walk_f
2165	pig_walk_f
2166	pig_ready
2170	bed_ready
2173	stinking_tendrils
2178	fire_rift
2179	abyssal_leech_walk_f
2180	abyssal_leech_ready
2184	abyssal_guardian_walk_f
2185	abyssal_guardian_ready
2190	abyssal_walker_walk_f
2191	abyssal_walker_ready
2196	wall
2198	wall
2199	spinning_blades
2201	wall
2203	floor
2204	pendulum
2209	wall
2210	blade
2212	spin_blades
2252	captain_tock_ready
2253	sir_spishyus_ready
2255	ms_hynn_terprett_ready
2256	lady_table_ready
2260	abyssal_rift
2268	sheepdog_ready
2273	gardener_gunnhild_ready
2297	evil_chicken_walk_f
2298	evil_chicken_ready
2308	headless_beast_hard_walk_f
2313	tree
2331	gnome_on_a_rack
2333	mysterious_ghost_walk_f
2334	mysterious_ghost_ready
2335	red_axe_henchman_walk_f
2336	red_axe_henchman_ready
2337	gauss_ready
2341	red_axe_henchman_ready
2346	fremennik_boat
2348	door
2349	door
2351	door_ready
2352	door_ready
2353	door_ready
2354	door_support_ready
2355	door_ready
2356	door_ready
2357	door_support_ready
2358	door_ready
2359	flag
2360	flag
2361	dagannoth_spawn_walk_f
2362	egg_ready
2363	wallasalki_walk_f
2364	wallasalki_ready
2369	pheasant_walk_f
2370	pheasant_ready
2380	light_jungle
2392	bush_snake_walk_f
2395	giant_mosquito_ready
2396	giant_mosquito_walk_f
2400	tribesman_ready
2401	broodoo_victim_ready
2405	snakeling_walk_f
2406	snakeling_walk_b
2407	snakeling_walk_l
2414	snakeling_walk_r
2416	furnace
2417	dark_core_walk_f
2437	conveyor_belt
2439	smoke
2440	bar_dispenser
2451	drive_belt
2561	vannaka_ready
2562	skeleton_heavy_walk_f
2564	candles
2571	trolley_walk_f
2578	queen_ellamaria_ready
2598	open_hot_vent_door
2600	egg
2601	tzhaar_mej_walk_f
2602	tzhaar_mej_walk_f
2603	tzhaar_mej_ready
2604	tzhaar_mej_ready
2618	tz_kih_ready
2619	tz_kih_walk_f
2623	tz_kek_walk_f
2624	tz_kek_ready
2631	tok_xil
2632	tok_xil_walk_f
2634	yt_mejkot_walk_f
2636	yt_mejkot_ready
2641	lava_forge
2642	ket_zek_ready
2643	ket_zek_walk_f
2650	tztok_jad_ready
2651	tztok_jad_walk_f
2657	viewing_orb
2662	kitten_walk_f
2664	beite_ready
2666	odysseus_ready
2667	odysseus_walk_f
2668	odysseus_ready
2671	love_cats_ready
2672	love_cats_walk_f
2673	love_cats_ready
2686	pool_of_nightmares
2688	dragonkin_ready
2689	dragonkin_walk_f
2691	gnome_ready
2694	neite_ready
2699	hammock
2700	guard_ready
2701	pirate_ready
2702	thief_ready
2703	rat_walk_f
2704	rat_ready
2708	hot_coals
2712	hops_ready
2713	chancy_ready
2714	mysterious_ruins
2724	lord_daquarius_ready
2726	mage_of_zamorak_ready
2727	mage_of_zamorak_ready
2728	ranger_ready
2729	dark_beast_walk_f
2730	dark_beast_ready
2737	shadow_walk_f
2740	shadow_ready
2744	crystal
2746	light_door
2749	tree
2769	skippy_walk_f
2770	sleepwalker_ready
2774	lizard_ready
2775	lizard_walk_f
2798	karamthulhu_walk_f
2799	karamthulhu_ready
2802	evil_spirit_walk_f
2803	evil_spirit_ready
2807	brewing_control
2815	most_of_a_zombie_walk_f
2816	most_of_a_zombie_ready
2818	zombie_head_ready
2823	half_zombie_walk_f
2824	other_half_zombie_walk_f
2825	half_zombie_ready
2826	other_half_zombie_ready
2849	dagannoth_supreme_walk_f
2850	dagannoth_supreme_jr
2857	rock_lobster_walk_f
2858	rock_lobster_ready
2863	spinolyp_walk_f
2867	spinolyp_ready
2870	standing_torch
2878	portal
2882	sand_storm_ready
2883	magic_circle
2893	melina_ready
2897	rat_trap
2898	rat_barrel
2899	rat_lever
2900	lantern
2901	rat_barn
2904	tool_leprechaun_ready
2906	nirrie_ready
2907	nirrie_walk_f
2908	tirrie_ready
2911	rokuh_ready
2912	rokuh_walk_f
2931	jogre_ready
2932	jogre_walk_f
2939	mystery_figure_ready
2940	mystery_figure_ready
2941	mystery_figure_ready
2942	mystery_figure_ready
2943	mystery_figure_ready
2945	earth_warrior_champion_ready
2947	earth_warrior_champion_walk_f
2948	earth_warrior_champion_walk_b
2949	earth_warrior_champion_walk_l
2950	earth_warrior_champion_walk_r
2958	hobgoblin_champion_ready
2982	skeletal_wyvern_walk_f
2984	skeletal_wyvern_ready
2993	monk_ready
2994	monk_walk_f
2995	creature_keeper
2997	dorics_whetstone
3023	flying_book_ready
3026	charmed_warrior_ready
3027	charmed_warrior_walk_f
3029	statue
3030	telekinetic_teleport
3033	entrance_guardian_ready
3034	entrance_guardian_walk_f
3035	alchemy_guardian_walk_f
3036	sandy_ready
3038	sandpit
3039	dr_harlow_walk_f
3040	dr_harlow_ready
3042	sandwich_lady_walk_f
3043	sandwich_lady_ready
3048	balloon_animal_walk_f
3049	balloon_animal_ready
3070	stone_block
3073	boneguard_ready
3078	boneguard_walk_f
3079	lil_destructor_ready
3082	avatar_of_destruction_walk_f
3095	magic_barrier
3097	magic_spell
3099	statue
3100	statue
3101	light
3105	clay_fireplace
3106	furnace
3107	brazier
3108	harpie_bug_swarm_ready
3113	coffin
3117	magic_chest
3118	magic_chest
3144	chaos_elemental_ready
3145	chaos_elemental_walk_f
3159	killerwatt_ready
3160	killerwatt_ready
3161	killerwatt_walk_f
3167	storm_cloud_walk_f
3168	storm_cloud_ready
3169	storm_cloud_ready
3172	strange_machine
3173	portal_machine
3174	portal
3185	alrena_ready
3186	bravek_ready
3206	crate
3207	engineering_assistant_walk_f
3208	engineering_assistant_ready
3210	squirrel_walk_f
3211	squirrel_ready
3212	squirrel
3213	raccoon_ready
3214	raccoon_walk_f
3215	raccoon_ready
3216	raccoon_ready
3217	gallows
3218	chair
3219	spooky_picture
3221	chair
3230	rat_wheel
3231	spinning_pole
3237	canary
3241	swan_walk_f
3242	swan_ready
3244	sweeper_ready
3245	sweeper_walk_f
3246	a_fairy_workbench
3247	a_fairy_workbench
3248	fairy_godfather_ready
3249	fairy_godfather_walk_f
3252	zanaris_choir_ready
3253	zanaris_choir_walk_f
3259	tanglefoot_ready
3261	tanglefoot_walk_f
3264	chicken_shrine
3280	guardian_ready
3281	martina_scorsby_ready
3282	jeremy_clerksin_ready
3304	canoe_station
3305	a_sinking_canoe
3306	aged_log
3309	baby_mole
3313	giant_mole_walk_f
3322	zygomite_walk_f
3323	zygomite_walk_f
3324	zygomite_ready
3328	ancient_fungi_ready
3343	nest
3346	kklik_ready
3347	dragonfire
3349	barrier
3351	portal
3357	culinaromancer_ready
3359	osman_ready
3362	lumbridge_guide_ready
3365	culinaromancer_ready
3371	sir_amik_varze_ready
3374	pirate_pete_ready
3379	mountain_dwarf_ready
3383	skrach_uglogwee_ready
3385	general_wartface_ready
3387	general_wartface_ready
3389	general_bentnoze_ready
3391	general_bentnoze_ready
3395	awowogei_ready
3396	lumbridge_guide_ready
3401	goblin_cook_ready
3405	cauldron
3406	cauldron
3407	explosion
3424	crab_ready
3426	crab_walk_f
3431	mudskipper_ready
3432	mudskipper_walk_f
3436	mogre_guard_ready
3437	mogre_guard_walk_f
3438	kelp
3439	coral
3440	bubbles
3441	fish_walk_f
3442	fish_ready
3443	fish_walk_f
3444	fish_ready
3445	ray_of_light
3459	old_tree
3460	rantz_ready
3462	rantz_ready
3469	balloon_toad_ready
3472	rock_and_string
3473	ogre_boat_ready
3474	ogre_boat_walk_f
3478	red_banana_tree
3498	agrith_na_na_ready
3499	agrith_na_na_walk_f
3504	dessourt_ready
3506	dessourt_walk_f
3511	grandfather_clock
3523	kikazaru_ready
3524	iwazaru_ready
3525	mizaru_ready
3528	snake
3529	snake
3530	hole
3531	snake
3532	snake
3534	snake
3535	sea_snake_young_ready
3537	sea_snake_young_walk_f
3551	vampyre_juvinate_ready
3557	vasile_ready
3558	bucket
3568	sheep_walk_f
3569	sheep_ready
3573	incense_burner
3577	bells
3578	small_orrery
3579	large_orrery
3580	elemental_sphere
3581	crystal_of_power
3582	elemental_balance
3584	elemental_balance_ready
3586	magic_barrier
3587	jacky_jester
3615	magic_circle
3616	greater_magic_circle
3617	tentacle_ready
3644	scrying_pool
3646	teleportation_focus
3647	statue
3648	greater_teleport_focus
3698	power_saw
3699	stone_crusher
3700	embalming_tube
3707	rocnar
3708	rocnar_walk_f
3712	toy_soldier_ready
3713	toy_soldier_walk_f
3716	toy_doll_ready
3717	toy_doll_walk_f
3718	toy_mouse_ready
3719	sir_renitee_ready
3720	pump_and_drain
3721	giant_snail_walk_f
3722	giant_snail_ready
3728	head_ready
3729	tentacle_ready
3730	head_ready
3738	dead_swamp_snake_ready
3742	row_boat
3743	stepping_stone
3809	fear_reaper_walk_f
3810	fear_reaper_ready
3815	confusion_beast_ready
3819	confusion_beast_walk_f
3822	hopeless_creature_ready
3825	hopeless_creature_walk_f
3828	tolna_ready
3835	hole
3840	bones_ready
3843	fishing_contest_banner
3845	fishing_tutor_ready
3846	culinaromancer_ready
3850	pumpy_ready
3851	stumpy_ready
3862	jack_ready
3863	egg_ready
3878	torcher_ready
3879	torcher_walk_f
3886	splatter_ready
3887	splatter_walk_f
3892	brawler_walk_f
3893	brawler_ready
3898	shifter_walk_f
3899	shifter_ready
3906	spinner_ready
3907	spinner_walk_f
3913	ravager_ready
3914	ravager_walk_f
3918	defiler_ready
3919	defiler_walk_f
3926	void_knight_ready
3927	banner
3928	portal_ready
3933	portal_ready
3936	portal_ready
3939	cauldron
3940	banner
3943	rock
3944	obelisk
3947	postie_pete_walk_f
3948	postie_pete_ready
3950	gillie_groats_ready
3952	healthorg_and_tortoise_ready
3953	tortoise_walk_f
3963	trainer_nacklepen_walk_f
3965	trainer_nacklepen_ready
3970	wise_old_man_ready
3976	firebox
3977	sea_troll_general_walk_f
3978	sea_troll_general_ready
3984	sea_troll_walk_f
3987	sea_troll_ready
3989	cave_kraken_ready
3997	gillie_groats_walk_f
3998	evil_claw
3999	suspect_ready
4005	pinball_post
4006	pinball_post
4009	tilt_ready
4010	flippa_ready
4021	thorodin_ready
4022	lift_engine
4037	giant_sea_snake_ready
4070	skotos_walk_f
4073	farmer_gricoller_ready
4124	cooking_pot
4125	oil_lamp
4126	flowers
4127	lantern
4128	sign
4129	sign
4130	hearth
4131	sign
4132	smoking_vent
4133	pigeon
4157	catapult
4161	magical_animator
4163	dummy
4193	h_a_m_member_ready
4194	h_a_m_member_walk_f
4208	ham_member_ready
4210	nardok_ready
4217	drip
4218	drips
4220	zanik
4226	rick_turpentine_walk_f
4227	rick_turpentine_walk_b
4231	jungle_horror_ready
4236	jungle_horror_walk_f
4239	bamboo_pipes
4240	conveyor_belt
4241	conveyor_belt
4242	steam_pump
4244	bitternut_tree
4245	bitternut_tree
4246	bitternut_tree
4247	bitternut_tree
4256	honest_jimmy_walk_f
4257	honest_jimmy_ready
4259	parrot_ready
4260	bottle_machine
4263	minotaur_walk_f
4264	minotaur_ready
4268	catablepon_walk_f
4269	catablepon_ready
4284	rickety_door
4298	gorak_walk_f
4299	gorak_ready
4303	cosmic_being_ready
4304	cosmic_being_walk_f
4308	lightning
4309	lightning
4310	centaur_walk_f
4311	centaur_ready
4314	starflower_ready
4315	starflower_ready
4318	ork_ready
4319	ork_walk_f
4335	urn
4336	sarcophagus
4338	tomb_door
4339	an_anonymous_looking_door
4354	our_lives
4355	dream_tree
4356	zero
4357	hurdle
4358	platform
4360	dice
4361	dice
4363	dream_puff
4364	dream_puff
4372	enchanted_broom_ready
4374	enchanted_bucket_ready
4377	table
4383	suqah_walk_f
4386	suqah_ready
4390	house_walk_f
4391	house_ready
4392	light
4393	hat_rack
4394	cooker
4395	rack
4396	stool
4397	table
4399	hanging_pirate
4400	beefy_burns_ready
4401	eagle_eye_shultz_ready
4402	jack_sails_ready
4408	ceremonial_brazier
4424	dominic_onion_ready
4426	oneiromancer_walk_f
4427	oneiromancer_walk_b
4428	oneiromancer_walk_l
4429	oneiromancer_walk_r
4431	hammock
4472	cute_creature_ready
4473	cute_creature_walk_f
4484	cerberus_ready
4485	cerberus_ready
4488	cerberus_walk_f
4517	soul_devourer
4519	key_master_ready
4524	spawn_ready
4525	spawn_walk_f
4527	abyssal_sire_ready
4529	abyssal_sire_ready
4533	abyssal_sire_ready
4534	abyssal_sire_walk_f
4535	office_table
4536	gianne_jnr_ready
4537	zul_cheray_ready
4538	perrdur_ready
4557	table
4559	aspidistra_plant
4560	oaknocks_machine
4561	oaknocks_machine
4562	oaknocks_exchanger
4563	broken_cogs
4564	goblin_crowd
4565	gnome_crowd
4566	goblin_crowd
4567	gnome_crowd
4568	goblin_crowd
4569	gnome_crowd
4571	argento
4572	argento
4591	rick_turpentine_ready
4593	nisha_ready
4594	nick_ready
4599	wardrobe
4619	weakened_delrith_ready
4621	stone_table
4622	stone_table
4626	denath_walk_f
4627	crystal_ball
4628	ornate_candle
4635	king_black_dragon_walk_f
4636	monkey_on_unicorn_ready
4637	monkey_on_unicorn_walk_f
4649	cyclops_walk_f
4650	cyclops_ready
4654	moss_guardian_walk_f
4655	moss_giant_walk_f
4656	moss_guardian_ready
4660	fire_giant_walk_f
4661	fire_giant_walk_f
4662	fire_giant_ready
4663	fire_giant_ready
4669	ice_giant_walk_f
4670	ice_giant_ready
4674	agrith_naar_walk_f
4675	agrith_naar_ready
4683	vyrewatch_walk_f
4684	vanstrom_klause_walk_f
4689	vyrewatch_ready
4690	vanstrom_klause_ready
4696	vanstrom_klause_ready
4699	vampyre_juvinate_walk_f
4700	vampyre_juvinate_walk_f
4702	vyre_orator
4703	vyre_orator
4706	vyrewatch_ready
4707	vanstrom_klause_ready
4709	slave_ready
4711	vampyre_juvinate_ready
4712	meiyerditch_citizen_ready
4743	decorated_wall
4744	wall
4745	wall
4746	waste_pipes
4747	waste_pipes
4755	boat_ready
4756	boat_walk_f
4768	vampyre_juvenile_ready
4773	stray_dog_walk_f
4777	stray_dog_ready
4778	washing_line
4779	brother_maledict_walk_f
4780	guidor_ready
4781	wreck
4787	holgart_walk_f
4788	holgart_ready
4789	kennith_walk_f
4790	holgart_walk_f
4798	crane
4819	mother_mallum_ready
4820	mother_mallum_walk_f
4821	slug_prince_walk_f
4824	jeb_walk_f
4825	fisherman_ready
4828	slug_prince_ready
4836	steam_generator
4838	sir_tiffy_cashien_ready
4851	esther_ready
4859	fritz_the_glassblower_ready
4860	furnace
4864	elemental_rock_ready
4866	earth_elemental_ready
4867	earth_elemental_walk_f
4879	door
4880	door
4881	door
4883	extractor_hat
4894	press_support
4895	water_tank
4896	cog
4897	extractor_gun
4898	fan_blade
4900	extractor_gun
4901	tunnel_wall
4913	death_wing_walk_f
4914	death_wing_ready
4919	callisto_cub_ready
4920	grizzly_bear_cub_ready
4923	callisto_cub_walk_f
4924	grizzly_bear_cub_walk_f
4931	angry_giant_rat_walk_f
4932	angry_giant_rat_ready
4986	my_arm_ready
5002	tool_leprechaun_ready
5012	dolphin
5021	giant_roc_ready
5022	giant_roc_walk_f
5029	baby_roc_ready
5030	baby_roc_walk_f
5044	cart_camel
5055	cactus
5058	wintumber_tree
5070	zulrah_ready
5089	queen_spawn_walk_f
5090	queen_spawn_ready
5094	penance_fighter_ready
5095	penance_fighter_walk_f
5099	penance_runner_ready
5100	penance_runner_walk_f
5104	penance_healer_ready
5107	penance_healer_walk_f
5109	basket
5141	basket
5146	bob_ready
5147	curly_ready
5148	moe_ready
5149	larry_ready
5150	bob_walk_f
5151	curly_walk_f
5152	moe_walk_f
5153	larry_walk_f
5160	matthias_ready
5164	matthias_walk_f
5169	bird_snare
5170	bird_snare
5173	bird_snare
5174	bird_snare
5175	box_trap
5176	box_trap
5177	box_trap
5178	box_trap
5179	shaking_box
5180	box_trap
5181	chinchompa_walk_f
5182	chinchompa_ready
5187	ferret_walk_f
5188	ferret_ready
5193	deadfall
5194	deadfall
5195	deadfall
5196	deadfall
5197	boulder
5202	gyr_falcon_ready
5203	occupied_perch
5219	magic_box_failed
5220	magic_box
5221	magic_box
5222	magic_box
5225	sabre_toothed_kyatt_ready
5226	sabre_toothed_kyatt_walk_f
5235	pit
5237	broken_snare
5239	rabbit_snare
5250	warrior_of_murahs_walk_f
5254	warrior_of_murahs_ready
5262	orange_salamander_walk_f
5263	orange_salamander_ready
5267	young_tree
5268	net_trap
5269	net_trap
5270	net_trap
5271	net_trap
5272	prickly_kebbit_walk_f
5273	prickly_kebbit_ready
5279	desert_eagle_walk_f
5280	desert_eagle_ready
5284	gyr_falcon_walk_f
5295	pedestal
5296	pedestal
5297	pedestal
5301	kebbit_walk_f
5302	kebbit_ready
5308	bird_feeder
5309	boulder_walk_f
5310	boulder_ready
5317	huge_spider_walk_f
5318	huge_spider_ready
5325	venenatis_spiderling_walk_f
5326	venenatis_spiderling_ready
5333	jungle_spider_walk_f
5334	ram_walk_f
5335	ram_ready
5339	mountain_goat
5340	golden_sheep_walk_f
5344	golden_sheep_walk_f
5345	golden_sheep_ready
5350	pillar
5351	machine
5370	alices_husband_ready
5371	alices_husband_ready
5372	alices_husband_walk_f
5373	alices_husband_walk_f
5385	chicken_walk_f
5386	chicken_ready
5393	penance_ranger_ready
5394	penance_ranger_walk_f
5409	penance_queen_walk_f
5410	penance_queen_ready
5415	lava_crater
5423	horn_of_glory
5424	egg_launcher_ready
5425	egg_launcher_ready
5429	egg_launcher
5430	egg_launcher
5431	hopper
5432	egg_hopper
5446	locust_rider_walk_f
5447	locust_rider_ready
5454	giant_scarab_walk_f
5455	giant_scarab_ready
5479	skeleton_walk_f
5481	skeleton_walk_f
5483	bones
5493	skeleton_ready
5495	skeleton_ready
5497	skeleton_walk_f
5505	nazastarool_ready
5506	nazastarool_walk_f
5510	skeleton_champion_ready
5511	skeleton_champion_walk_f
5517	skeleton_ready
5518	skeleton_walk_f
5530	ghost_ready
5531	ghost_walk_f
5538	ghost_ready
5539	ghost_walk_f
5543	ghost_ready
5548	mummy_ready
5551	mummy_ready
5552	mummy_walk_f
5553	mummy_walk_f
5557	guardian_mummy_walk_f
5558	guardian_mummy_ready
5563	mummy_ashes_ready
5564	mummy
5565	zombie_ready
5566	zombie_walk_f
5570	zombie_walk_f
5572	zombie_ready
5573	zombies_champion_ready
5576	zombie_ready
5577	zombie_walk_f
5582	zombies_champion_walk_f
5583	zombie_protester_walk_f
5584	zombie_protester_ready
5585	50_luke_walk_f
5586	50_luke_ready
5589	possessed_pickaxe_ready
5593	possessed_pickaxe_walk_f
5594	animated_spade_ready
5595	animated_spade_walk_f
5598	torch
5599	passageway
5600	bars
5601	passageway
5603	armour
5607	pitfall
5615	mutant_tarn_walk_f
5616	mutant_tarn_ready
5622	terror_dog_walk_f
5623	terror_dog_ready
5631	wall
5641	sorebones_ready
5642	sorebones_walk_f
5645	brother_tranquility_walk_f
5646	brother_tranquility_ready
5650	zombie_pirate_ready
5652	zombie_pirate_walk_f
5655	captain_donnie_walk_f
5656	captain_donnie_ready
5666	macaroni_penguin_walk_f
5668	macaroni_penguin_ready
5673	ping_ready
5675	pong_ready
5676	agility_instructor_walk_f
5677	agility_instructor_ready
5680	penguin_ready
5682	penguin_ready
5685	penguin_ready
5721	icelord_walk_f
5722	icelord_ready
5728	wooden_platform
5729	wooden_platform
5730	crazy_penguin
5734	ice
5737	steam_generator
5738	spinning_light
5740	golf_cart
5742	table
5743	drill
5744	lathe
5745	smoke
5752	tolna_ready
5768	banner
5770	iceberg_ready
5771	large_geyser
5772	small_geyser
5773	arctic_pine
5781	yak_walk_f
5785	yak_ready
5788	zombie_walk_l
5789	zombie_walk_r
5790	zombie_walk_b
5791	zombie_walk_r
5792	zombie_walk_l
5793	zombie_walk_b
5797	fountain
5798	fireplace
5799	apprentice_walk_f
5800	apprentice_ready
5801	summer_elemental_ready
5802	summer_elemental_walk_f
5803	winter_elemental_ready
5805	tzrek_jad_walk_f
5809	sin_seer_walk_f
5810	sin_seer_ready
5814	bonafido_ready
5815	no_fingers_ready
5816	gummy_ready
5817	black_eye_ready
5818	the_guns_ready
5822	effigy_walk_f
5823	transmute_the_alchemist_ready
5824	magic_table
5825	spinning_pipe
5829	water_pipes
5831	homunculus_ready
5832	homunculus_walk_f
5839	frogeel_ready
5840	frogeel_walk_f
5844	symbol_of_life
5847	cage
5848	cow_walk_f
5852	cow_ready
5855	dairy_cow
5856	cow_calf_walk_f
5857	sails
5858	mi_gor_walk_f
5859	mi_gor_ready
5872	puffin_walk_f
5873	puffin_ready
5875	brother_tranquility_ready
5876	monk_walk_f
5877	monk_ready
5878	zombie_pirate_walk_f
5879	zombie_pirate_ready
5882	zombie_pirate_walk_f
5883	zombie_pirate_ready
5887	zombie_pirate_walk_f
5888	zombie_pirate_ready
5892	barrelchest_walk_f
5893	barrelchest_ready
5900	wall
5901	wall
5906	stand
5909	fuse
5965	undead_lumberjack_ready
5966	undead_lumberjack_ready
5967	undead_lumberjack_ready
5969	undead_lumberjack_walk_f
5973	undead_lumberjack_ready
5974	marv_well
5975	marv_sick
5976	marv_very_sick
5977	marv_ghastly
5983	marv_sick
5984	marv_very_sick
5985	marv_ghastly
5986	nail_beast_ready
5987	nail_beast_walk_f
5994	zanik_ready
5995	zanik_walk_f
6004	cave_goblin_miner_ready
6005	kazgar_walk_f
6006	kazgar_ready
6010	molanisk_ready
6011	molanisk_walk_f
6015	molanisk
6023	sinclair_family_fountain
6024	water
6026	stairs
6027	thingymajig
6028	magic_ball
6029	lamp
6031	empty_lamp
6032	lamp
6034	zapper
6035	zapper
6036	moths
6037	sink
6038	chimney
6039	frog_spit
6040	dartog_ready
6041	dartog_walk_f
6042	cave_goblin_child_walk_f
6043	crate_goblin_ready
6044	crate_goblin_walk_f
6045	goblin_scribe_ready
6046	goblin_scribe_walk_f
6052	cave_goblin_child_ready
6053	cave_goblin_child_walk_f
6057	young_un_walk_f
6058	young_un_ready
6059	tyke_ready
6060	spit_goblin_ready
6061	goblin_fish_walk_f
6062	goblin_fish_ready
6069	pylon
6075	movario_ready
6076	movario_walk_f
6077	cave_bug_walk_f
6078	cave_bug_ready
6088	rabbit_walk_f
6089	rabbit_ready
6094	cow_wheel
6106	anna_jones_ready
6110	barrier
6112	skeleton_fremennik_walk_f
6113	skeleton_fremennik_ready
6114	brine_rat_walk_f
6120	boulder_walk_f
6126	ulfric_ready
6127	brine_rat_ready
6138	goblin_walk_f
6139	goblin_ready
6140	goblin_ready
6141	goblin_walk_f
6149	zanik_ready
6150	sigmund_and_zanik_walk_f
6151	sigmund_and_zanik_ready
6152	sergeant_strongstack_walk_f
6153	sergeant_strongstack_ready
6161	goblin_crowd
6162	goblin_crowd
6163	goblin_crowd
6164	crowd_of_dwarves
6165	crowd_of_dwarves
6166	crowd_of_dwarves
6167	council_members
6168	cave_gobins
6180	goblin_walk_f
6181	goblin_ready
6186	goblin_ready
6187	goblin_walk_f
6193	goblin_walk_f
6196	sample_table
6200	goblin_ready
6201	goblin_walk_f
6202	general_bentnoze_walk_f
6203	general_bentnoze_ready
6205	builder_ready
6206	builder_ready
6207	builder_ready
6208	builder_ready
6211	zanik
6215	zanik_walk_f
6218	kalphite_soldier
6219	kalphite_guardian_ready
6220	kalphite_soldier_walk_f
6221	kalphite_larva_walk_f
6222	kalphite_guardian_walk_f
6236	kalphite_princess
6238	kalphite_queen_walk_f
6239	kalphite_queen_ready
6247	crypt_spider_ready
6248	crypt_spider_walk_f
6252	khazard_scorpion_ready
6253	scorpion_walk_f
6257	pit_scorpion_walk_f
6258	pit_scorpion_ready
6262	khazard_scorpion_walk_f
6263	giant_lobster_ready
6264	giant_lobster_walk_f
6269	kalphite_queen_legs
6274	cocoon
6280	fallen_man_ready
6282	fallen_man_ready
6284	cyrisus_ready
6296	incapacitated_pyromancer_ready
6311	a_doubt_ready
6312	a_doubt_walk_f
6317	the_inadequacy_ready
6328	the_untouchable_ready
6338	the_illusive_ready
6339	the_illusive_walk_f
6343	the_everlasting_ready
6344	the_everlasting_walk_f
6350	the_illusive_ready
6371	giant_champion_ready
6372	giant_champion_walk_f
6373	angry_unicorn_walk_f
6374	unicorn
6388	art_critic_jacques_walk_f
6389	art_critic_jacques_ready
6390	museum_guard_ready
6393	historian_minas_ready
6395	historian_minas_walk_f
6410	teacher_and_pupil_walk_f
6411	teacher_and_pupil_ready
6412	teacher_and_pupil_walk_f
6413	teacher_and_pupil_ready
6414	workman_walk_f
6415	workman_ready
6418	workman_walk_f
6419	workman_walk_f
6420	workman_walk_f
6422	workman_ready
6423	workman_ready
6425	dig_site_workman_ready
6429	leech_display_ready
6431	snail_display_ready
6433	sea_slugs_display_ready
6435	monkey_display_ready
6437	lizard_display_ready
6439	penguin_display_ready
6441	camel_display_ready
6443	terrorbird_display_ready
6445	wyvern_display_ready
6447	dragon_display_ready
6449	battle_tortoise_display_ready
6451	mole_display_ready
6453	snake
6454	barge_workman_ready
6455	barge_workman_ready
6456	barge_workman_ready
6457	barge_workman_ready
6458	barge_foreman_ready
6464	museum_guard_ready
6466	swings
6467	washing_line
6468	lucien_walk_f
6469	lucien_ready
6470	wheat
6471	schoolgirl_walk_f
6472	schoolgirl_ready
6473	schoolgirl_ready
6474	schoolgirl_ready
6475	schoolgirl_ready
6477	kalphite_queen
6478	iffie_ready
6481	dummy
6484	kanel_ready
6485	philop_ready
6486	guard_walk_f
6487	guard_ready
6492	fountain
6493	mill
6494	mill
6495	sails
6496	steel_dragon
6497	beanstalk
6499	beanstalk
6500	beanstalk
6504	glod_ready
6505	glod_walk_f
6506	grimgnash
6507	grimgnash_ready
6509	rupert
6510	experiment_no_2_walk_f
6511	experiment_no_2_ready
6517	mouse_walk_f
6518	mouse_ready
6522	gramophone
6523	floor
6531	svetlana_walk_f
6532	svetlana_walk_b
6533	gnome_ready
6534	winkin_ready
6535	gnome_ready
6539	werewolf_ready
6541	werewolf_walk_f
6542	mystery_figure_ready
6544	shadowy_figure_walk_f
6545	shadowy_figure_ready
6548	agility_boss_walk_f
6556	wolf_walk_f
6560	dog_walk_f
6561	hellhound
6577	skeleton_hellhound_walk_f
6580	ice_wolf
6582	bouncer_walk_f
6583	hellhound_walk_f
6597	growing_wheat
6598	wilting_wheat
6613	baby_impling_ready
6614	baby_impling_walk_f
6623	crop_circle
6624	crop_circle
6625	crop_circle
6626	crop_circle
6627	centre_of_crop_circle
6635	magic_door
6636	magic_door
6637	magic_door
6638	candle_stand
6639	vines
6645	fire
6646	fire
6652	jenkins
6653	flames
6656	a_flag
6657	the_collector_ready
6658	the_collector_walk_f
6659	soldier_walk_b
6662	soldier_walk_l
6663	soldier_walk_r
6729	angry_barbarian_spirit_ready
6730	angry_barbarian_spirit_walk_f
6732	mighty_torrent
6733	pyre_boat
6734	pyre_boat
6735	pyre_boat
6736	pyre_boat
6737	whirlpool
6764	chompy_chick
6765	chompy_bird_walk_f
6768	chompy_bird_ready
6771	gull_ready
6772	cormorant_ready
6773	gull_walk_f
6774	cormorant_walk_f
6784	crow_walk_f
6785	crow_ready
6786	crow_ready
6787	crow_ready
6793	mounted_terrorbird_gnome_ready
6796	mounted_terrorbird_gnome_walk_f
6798	mounted_terrorchick_gnome_ready
6799	mounted_terrorchick_gnome_walk_f
6803	jubster_ready
6804	jubster_walk_f
6807	jubbly_bird_ready
6808	phoenix_walk_f
6809	phoenix_ready
6813	duck_ready
6815	seagull_ready
6817	duck_walk_f
6818	duck_ready
6819	seagull_walk_f
6821	ducklings_ready
6822	ducklings_walk_f
6825	mr_mordaut_ready
6826	dunce_ready
6828	sleeping_guard_ready
6829	smellytoes_ready
6831	greasycheeks_ready
6833	creakyknees_ready
6834	naghead_ready
6835	wagchin_ready
6836	clothears_ready
6841	observatory_assistant_ready
6853	fire
6854	rocking_unicorn
6855	zombie_ready
6856	mummy_ready
6857	giant_ready
6858	goblin_ready
6859	goblin_ready
6864	town_crier_ready
6867	town_crier_walk_f
6873	novice_flag
6874	veteran_flag
6878	portal_ready
6879	portal_ready
6880	portal_ready
6890	citizen
6891	citizen
6892	citizen
6893	citizen
6894	citizen
6895	citizen
6898	court_judge
6900	the_jury
6901	the_jury
6902	the_jury
6903	the_jury
6912	sir_lucan
6913	sir_palomedes
6914	sir_lancelot
6915	sir_bedivere
6917	alan
6918	guard_ready
6919	anna_walk_f
6925	sir_tristram
6926	anna_walk_f
6927	renegade_knight_ready
6928	renegade_knight_walk_f
6931	fly_paper
6935	skotos_ready
6952	wingman_skree_ready
6953	wingman_skree_walk_f
6965	commander_zilyana_walk_f
6966	commander_zilyana_ready
6976	kreearra_ready
6977	kreearra_walk_f
6987	big_hole
7000	ice_storm
7001	snowfall
7002	colossal_hydra_ready
7006	colossal_hydra_walk_f
7013	knight_ready
7016	general_graardor_walk_f
7017	general_graardor_ready
7024	waterfall
7032	growler_ready
7033	growler_walk_f
7047	nigel_walk_r
7048	nigel_walk_l
7052	nigel_walk_f
7053	nigel_ready
7059	soldier_ready
7086	high_priestess_zul_harcinqa_ready
7097	abyssal_sire_ready
7099	abyssal_sire_ready
7103	vent_ready
7105	vent
7106	tentacle_ready
7107	tentacle_ready
7110	tentacle_ready
7113	tentacle_ready
7116	the_overseer
7124	abyssal_orphan_walk_f
7125	abyssal_orphan_ready
7136	entomologist_ready
7142	ent_walk_f
7143	ent_ready
7156	poll_booth
7166	kreearra_jr_ready
7167	kreearra_jr_walk_f
7177	beaver_ready
7178	beaver_walk_f
7180	rock_golem_ready
7181	rock_golem_walk_f
7186	soldier_ready
7191	lizardman_shaman_ready
7195	lizardman_shaman_walk_f
7204	pot_of_dynamite
7230	tortured_gorilla_ready
7233	tortured_gorilla_walk_f
7234	kruk_walk_f
7235	kruk_ready
7246	maniacal_monkey_walk_f
7252	monkey_trap
7254	large_boulder
7256	large_boulder
7269	bloodhound_ready
7271	arthur_the_clue_hunter_ready
7272	arthur_the_clue_hunter_walk_f
7280	bloodhound_walk_f
7302	lunar_altar
7303	altar_of_the_occult
7304	pool_of_restoration
7306	rift_guardian_walk_f
7307	rift_guardian_ready
7309	dark_squirrel
7310	giant_squirrel_walk_f
7312	tangleroot
7313	tangleroot_walk_f
7315	rocky_ready
7316	rocky_walk_f
7319	wesley_ready
7321	burning_brazier
7322	howling_snow_storm
7323	quiescent_snow_storm
7324	cave_lizard_ready
7325	cave_lizard_walk_f
7329	lacey_ready
7332	knight_of_varlamore_ready
7334	large_hole
7336	large_hole
7349	crystalline_structure
7351	crystalline_structure
7353	large_rock
7355	large_rock
7395	olmlet_walk_f
7396	olmlet_ready
7407	rocks_ready
7411	vasa_minirio
7413	vasa_nistirio_ready
7416	vasa_nistirio_ready
7417	muttadile_ready
7419	muttadile_walk_f
7425	muttadile_ready
7427	vanguard_ready
7429	vanguard_walk_f
7430	vanguard_ready
7434	vanguard_ready
7439	vanguard_ready
7444	vanguard_ready
7448	vespula_walk_f
7449	vespula_ready
7453	vespula_ready
7454	vespula_ready
7461	vespine_soldier_walk_f
7463	lux_grub_ready
7464	lux_grub_ready
7465	lux_grub_ready
7468	lux_grub_ready
7473	tekton_ready
7476	tekton_ready
7477	tekton_walk_f
7480	tekton_ready
7485	tekton_enraged_ready
7486	tekton_enraged_walk_f
7490	tekton_enraged_ready
7498	corrupted_scavenger_ready
7499	slimy_pillars
7501	slimy_pillars
7503	mystical_barrier
7526	guardian_ready
7542	reshi_ready
7545	screaming_banshee_ready
7564	tzkal_zuk_ready
7567	ancestral_glyph_ready
7570	cave_exit
7572	jal_nib_rek_walk_f
7573	jal_nib_rek_ready
7577	jal_mejrah_ready
7586	jal_ak_ready
7587	jal_ak_walk_f
7588	jaltok_jad_walk_f
7589	jaltok_jad_ready
7595	jal_imkot_ready
7596	jal_imkot_walk_f
7602	jal_xil_ready
7603	jal_xil_walk_f
7608	jal_zek_walk_f
7609	jal_zek_ready
7634	fishing_spot_ready
7647	annette
7648	pot_of_gold
7649	tool_leprechaun_ready
7650	long_tailed_wyvern_ready
7661	puffer_fish_ready
7662	puffer_fish_walk_f
7663	puffer_fish_ready
7664	puffer_fish_walk_f
7665	drift_net_anchors
7666	plant
7667	plant
7668	current
7669	mairin_ready
7671	clam
7672	clam
7677	tar_monster_ready
7681	heat
7682	hoop_snake_ready
7683	hoop_snake_walk_f
7688	herbiboar_ready
7691	rubber_cap_mushroom
7694	herbi_ready
7695	herbi_walk_f
7697	charles_charlington_ready
7712	giant_boulder
7720	whirlpool
7721	rinsing_pool
7722	blocked_volcanic_chamber
7723	volcanic_chamber
7725	sluice_gate
7726	ancient_shroom
7728	bobbing_fossil_ready
7731	strange_machine
7733	strange_machine
7735	strange_machine
7742	gas_hole
7745	david_ready
7746	john_ready
7768	dawn_ready
7779	dusk_ready
7780	dusk_walk_f
7781	dusk_ready
7782	dusk_walk_f
7791	dusk_ready
7797	dusk_ready
7798	dusk_walk_f
7806	midnight_walk_f
7807	midnight_ready
7810	marble_gargoyle_ready
7823	crate
7824	crate
7826	cabin_boy_colin_ready
7829	chief_tess_ready
7830	chief_tess_walk_f
7837	porazdir_ready
7839	porazdir_walk_f
7845	derwen_ready
7847	derwen_walk_f
7851	justiciar_zachariah_ready
7852	justiciar_zachariah_walk_f
7861	jardric_ready
7862	jardric_walk_f
7870	green_dragon_ready
7877	tsunami_ready
7882	fire_trap
7887	spawn_walk_f
7888	spawn_ready
7894	torch
7895	brazier
7896	dragon_head_ready
7897	orb
7899	ancient_machinery
7902	galvek_ready
7903	galvek_ready
7912	galvek_walk_f
7913	dragon
7916	galvek_ready
7917	trap
7920	trap
7921	plinth
7922	stone_guardian_ready
7926	stone_guardian_walk_f
7928	wreckage
7929	barrier
7930	fremennik_warrior
7931	fremennik_warrior
7932	fremennik_warrior
7933	fremennik_warrior
7937	tomb
7938	leak
7939	fountain_of_uhld
7940	fremennik_drummer
7941	soldier
7945	soldier
7946	vorkath_ready
7947	vorkath_walk_f
7948	vorki_ready
7959	vorki_walk_f
7970	boulder_walk_f
7971	glowing_orb
7974	corporeal_critter_walk_f
7975	tzrek_zuk_ready
7977	tzrek_zuk_walk_f
7980	dark_core_ready
7982	puppadile_walk_f
7983	tektiny_walk_f
7984	vanguard_walk_f
7985	vasa_minirio_walk_f
7986	vespina_walk_f
7987	nylocas_hagios_walk_f
7988	nylocas_hagios_ready
7993	nylocas_toxobolos_ready
7997	nylocas_toxobolos_walk_f
8002	nylocas_ischyros_ready
8003	nylocas_ischyros_walk_f
8009	veliaf_hurtz_ready
8011	veliaf_hurtz_walk_f
8012	veliaf_hurtz_walk_b
8013	veliaf_hurtz_walk_l
8014	veliaf_hurtz_walk_r
8022	abomination_ready
8023	abomination_walk_l
8028	abomination_walk_f
8031	ranis_drakan_ready
8032	vanstrom_klause_walk_f
8045	safalaan_hallow_ready
8048	damien_leucurte_ready
8049	lady_crombwick_ready
8050	meiyerditch_citizen
8051	verzik_vitur_ready
8053	verziks_throne
8058	xarpus_ready
8060	xarpus_ready
8063	xarpus_walk_f
8064	exhumed
8067	acidic_miasma
8073	support
8076	nylocas_athanatos_ready
8077	nylocas_athanatos_walk_f
8080	pestilent_bloat_ready
8081	pestilent_bloat_walk_f
8086	chamber
8087	hanging_hand
8090	the_maiden_of_sugadinti
8095	nylocas_matomenos_walk_f
8096	nylocas_matomenos_ready
8101	blood_spawn_walk_f
8102	blood_spawn_ready
8105	teleport_crystal
8106	monumental_chest
8107	verzik_vitur_ready
8112	verzik_vitur_ready
8113	verzik_vitur_ready
8120	lil_zik_ready
8121	verzik_vitur_walk_f
8122	lil_zik_walk_f
8129	verzik_vitur_ready
8136	sotetseg_walk_f
8137	sotetseg_ready
8142	portal
8146	blue_banner
8148	portal
8150	captain_tock_walk_f
8151	snowflake_walk_f
8152	odd_mushroom_walk_f
8153	dont_know_what_walk_f
8154	mother
8155	odd_mushroom_ready
8156	dont_know_what
8157	mother_ready
8162	odd_mushroom_ready
8165	dont_know_what_ready
8170	fire
8198	kaht_balam_ready
8199	ketsal_kuk_ready
8200	ekans_chan_ready
8201	arcis_ready
8202	lord_trobin_arceuus_ready
8203	lord_trobin_arceuus_ready
8204	fishing_spot_ready
8210	fornek_quo_maten_ready
8211	fornek_quo_maten_walk_f
8212	darcor_quo_narga_ready
8213	darcor_quo_narga_walk_f
8218	konar_quo_maten_walk_f
8219	konar_quo_maten_ready
8222	hespori_ready
8227	flower_ready
8230	flower_ready
8231	hannibal
8232	ikkle_hydra_walk_f
8233	ikkle_hydra_ready
8239	ikkle_hydra_walk_f
8240	ikkle_hydra_ready
8246	ikkle_hydra_walk_f
8247	ikkle_hydra_ready
8253	ikkle_hydra_walk_f
8254	ikkle_hydra_ready
8259	hydra_walk_f
8260	hydra_ready
8266	wyrm_ready
8267	wyrm_ready
8273	drake_walk_f
8274	drake_ready
8280	chemical_vent_red
8281	sulphur_lizard_walk_f
8282	sulphur_lizard_ready
8295	magic_mirror
8296	ikkle_hydra_walk_f
8297	ikkle_hydra_walk_f
8298	ikkle_hydra_ready
8299	ikkle_hydra_walk_f
8300	ikkle_hydra_walk_f
8306	the_mimic_walk_f
8307	the_mimic_ready
8319	sraracha_walk_f
8320	sraracha_ready
8340	crystalline_spider_ready
8341	crystalline_spider_walk_f
8367	books
8370	fragment_of_seren_ready
8372	seren_ready
8399	symbol
8401	lord_iorwerth_ready
8404	dead_elf
8405	dead_elf
8406	dead_elf
8407	dead_elf
8408	dead_elf
8409	elena_ready
8411	tool_storage
8412	fishing_spot
8413	singing_bowl
8414	barrier
8415	water_pump
8416	crystalline_hunllef_walk_f
8417	youngllef_ready
8423	crystal_whirlwind_ready
8428	youngllef_walk_f
8429	smolcano_ready
8430	zalcano_walk_f
8438	zalcano_ready
8442	demonic_symbol
8447	smolcano_walk_f
8448	rock_formation_glowing
8454	crystal_spire
8455	teleport_platform
8456	portal
8460	eye
8461	crab_ready
8489	adventurer_jon_ready
8490	banner
8497	basilisk_sentinel_ready
8498	basilisk_sentinel_walk_f
8509	the_jormungand_ready
8512	the_jormungand_ready
8518	the_jormungand_ready
8526	summoned_soul_ready
8527	summoned_soul_walk_f
8534	sleepwalker_walk_f
8551	shura_ready
8552	shura_walk_f
8553	little_parasite_ready
8562	husk_ready
8563	husk_walk_f
8569	sleepwalker_ready
8574	the_nightmare_ready
8577	the_nightmare_ready
8578	the_nightmare_ready
8579	the_nightmare_ready
8582	the_nightmare_ready
8589	totem_ready
8592	phosanis_nightmare_walk_f
8593	little_nightmare_ready
8603	phosanis_nightmare_ready
8613	phosanis_nightmare_ready
8616	nightmare_blossom
8618	nightmare_blossom
8620	nightmare_blossom
8622	nightmare_berries
8624	nightmare_berries
8626	nightmare_berries
8629	spore
8631	spore
8634	little_nightmare_walk_f
8637	enraged_tektiny_walk_f
8639	flying_vespina_ready
8650	acidic_bloodveld_walk_f
8652	blood_orb
8655	wizard_statue
8664	fire
8665	knight_statue
8669	knight_statue
8672	priest_statue
8681	crossbowman_statue
8692	darkmeyer_slave_walk_f
8693	fish
8694	portal_frame
8695	holy_barrier
8697	lamp
8698	blood_tithe
8699	slave
8701	vyrelady_ready
8702	vyrelord_walk_f
8703	vyrelord_ready
8725	lowerniel_drakan_walk_f
8726	lowerniel_drakan_ready
8737	vanescula_drakan_ready
8748	death_ready
8749	muncher
8750	deaths_domain
8751	ancient_brazier
8752	desk
8763	eniola_walk_f
8764	eniola_ready
8765	general_graardor_jr
8766	smolcano
8767	sourhog_ready
8768	sourhog_walk_f
8775	magical_pumpkin
8790	archway
8791	waystone
8842	lil_creator_ready
8843	avatar_of_creation_walk_f
8846	lil_creator_walk_f
8847	lil_destructor_walk_f
8851	soul_obelisk
8857	jalrek_jad_walk_f
8863	crashed_star
8864	star_sprite_ready
8867	empty_pool
8873	inactive_spirit_pool_ready
8875	lightning_cloud_ready
8883	electrified_harpoonfish_cannon
8884	electrified_harpoonfish_cannon
8895	tiny_tempor_ready
8899	tempoross_ready
8933	sacred_forge
8934	security_barrier
8939	ancient_guardian_walk_f
8941	ancient_guardian_ready
8945	rubble_ready
8968	enormous_tentacle_ready
9006	door
9016	portal
9017	protester_walk_f
9018	protester_ready
9020	protester_walk_r
9021	protester_walk_l
9031	lil_bloat_walk_f
9032	lil_sot_walk_f
9033	lil_xarp_ready
9040	mark_of_darkness
9044	protester
9045	protester
9050	queen_zyanyi_arkan_ready
9051	queen_zyanyi_arkan_walk_f
9052	queen_zyanyi_arkan_walk_l
9053	queen_zyanyi_arkan_walk_r
9054	queen_zyanyi_arkan_walk_b
9059	xamphur_ready
9061	xamphur_ready
9063	xamphur_ready
9072	phantom_hand_ready
9073	phantom_hand_ready
9074	phantom_hand_walk_f
9075	phantom_hand_walk_f
9086	light
9087	lantern
9088	lantern
9089	lantern
9090	lynx_walk_f
9091	lynx_ready
9095	boar_ready
9096	boar_walk_f
9100	protester
9137	spider_ready
9138	spider_walk_f
9139	spider_walk_f
9142	verzik_vitur_ready
9143	verzik_vitur_walk_f
