1	your_position
299	black_knights_fortress
300	cooks_assistant
301	the_corsair_curse
302	demon_slayer
305	ernest_the_chicken
306	goblin_diplomacy
307	imp_catcher
308	the_knights_sword
309	misthalin_mystery
310	pirates_treasure
311	prince_ali_rescue
312	the_restless_ghost
313	romeo_juliet
314	rune_mysteries
315	sheep_shearer
316	shield_of_arrav
317	gravestone
318	witchs_potion
319	combat_achievement_tasks_completion_popup
320	architectural_alliance
321	combat_achievement_tasks_repeat_completion
322	alfred_grimhands_barcrawl
323	combat_achievement_tasks_failure
324	the_enchanted_key
325	the_generals_shadow
326	combat_achievement_tasks_repeat_failure
329	family_pest
330	mage_arena_ii
331	animal_magnetism
332	another_slice_of_h_a_m
333	between_a_rock
334	big_chompy_bird_hunting
335	biohazard
336	cabin_fever
337	clock_tower
338	cold_war
339	contact
340	creature_of_fenkenstrain
341	darkness_of_hallowvale
342	death_plateau
343	death_to_the_dorgeshuun
344	the_depths_of_despair
345	desert_treasure
346	devious_minds
347	the_dig_site
348	dragon_slayer_ii
349	dream_mentor
350	druidic_ritual
351	dwarf_cannon
352	eadgars_ruse
353	eagles_peak
354	elemental_workshop_i
355	elemental_workshop_ii
356	enakhras_lament
357	enlightened_journey
358	the_eyes_of_glouphrie
359	fairytale_i_growing_pains
360	fairytale_ii_cure_a_queen
361	family_crest
362	the_feud
363	fight_arena
364	fishing_contest
365	forgettable_tale
367	the_fremennik_isles
368	the_fremennik_trials
369	garden_of_tranquillity
370	gertrudes_cat
371	ghosts_ahoy
372	the_giant_dwarf
373	the_golem
374	the_grand_tree
375	the_great_brain_robbery
376	grim_tales
377	the_hand_in_the_sand
378	haunted_mine
379	hazeel_cult
381	holy_grail
382	horror_from_the_deep
383	icthlarins_little_helper
384	in_aid_of_the_myreque
385	in_search_of_the_myreque
386	jungle_potion
387	kings_ransom
389	lost_city
390	the_lost_tribe
391	lunar_diplomacy
392	making_friends_with_my_arm
393	making_history
394	merlins_crystal
395	monkey_madness_i
396	monkey_madness_ii
397	monks_friend
398	mountain_daughter
401	murder_mystery
402	my_arms_big_adventure
403	nature_spirit
406	one_small_favour
407	plague_city
408	priest_in_peril
409	the_queen_of_thieves
411	rag_and_bone_man_ii
412	ratcatchers
413	recipe_for_disaster
414	recruitment_drive
415	regicide
416	roving_elves
417	royal_trouble
418	rum_deal
419	scorpion_catcher
420	sea_slug
421	shades_of_mortton
422	shadow_of_the_storm
423	sheep_herder
424	shilo_village
425	the_slug_menace
426	a_souls_bane
427	spirits_of_the_elid
428	swan_song
429	tai_bwo_wannai_trio
430	a_tail_of_two_cats
431	tale_of_the_righteous
432	a_taste_of_hope
433	tears_of_guthix
434	temple_of_ikov
435	throne_of_miscellania
436	the_tourist_trap
437	tower_of_life
438	tree_gnome_village
439	tribal_totem
440	troll_romance
441	troll_stronghold
442	underground_pass
444	wanted
445	watchtower
447	what_lies_below
448	witchs_house
449	zogre_flesh_eaters
450	varrock
451	grand_exchange
452	lumbridge
453	falador
454	camelot
455	seers_village
456	ardougne
457	watchtower
458	yanille
459	senntisten
460	marim
461	kharyrll
462	lunar_isle
463	kourend_castle
464	waterbirth_island
465	fishing_guild
466	annakarl
467	troll_stronghold
468	catherby
469	ghorrock
470	carrallangar
471	bosses
472	raids
473	clues
474	minigames
475	other
476	abyssal_sire
477	barrows_chests
478	bryophyta
479	callisto
480	cerberus
481	chaos_elemental
482	chaos_fanatic
483	commander_zilyana
484	corporeal_beast
485	crazy_archaeologist
486	dagannoth_kings
487	general_graardor
488	giant_mole
489	grotesque_guardians
490	kalphite_queen
491	king_black_dragon
492	kraken
493	kreearra
494	kril_tsutsaroth
495	obor
496	scorpia
497	skotizo
498	thermonuclear_smoke_devil
499	the_inferno
500	the_fight_caves
501	venenatis
502	vetion
503	vorkath
504	wintertodt
505	zulrah
506	theatre_of_blood
507	chambers_of_xeric
508	easy_treasure_trails
509	medium_treasure_trails
510	hard_treasure_trails
511	elite_treasure_trails
512	master_treasure_trails
513	shared_treasure_trail_rewards
514	castle_wars
515	magic_training_arena
516	barbarian_assault
517	shades_of_mortton
518	pest_control
519	temple_trekking
520	fishing_trawler
521	gnome_restaurant
522	rogues_den
523	trouble_brewing
524	tithe_farm
525	revenants
526	gloughs_experiments
527	slayer
528	champions_challenge
529	skilling_pets
530	motherlode_mine
531	shayzien_armour
532	cyclopes
533	chaos_druids
534	miscellaneous
535	all_pets
536	tzhaar
537	chompy_bird_hunting
538	random_events
539	alchemical_hydra
540	aerial_fishing
541	hespori
542	the_ascent_of_arceuus
543	the_forsaken_tower
546	creature_creation
547	rooftop_agility
548	fossil_island_notes
549	my_notes
592	weiss
593	beginner_treasure_trails
601	sarachnis
603	song_of_the_elves
604	zalcano
605	the_gauntlet
719	golden_armadyl_attack
720	golden_bandos_attack
721	golden_saradomin_attack
722	golden_zamorak_attack
723	leagues_i_twisted
724	abyssal_accumulator
725	endless_endurance
726	dark_altar_devotion
727	hardcore_harvester
728	arcane_courier
729	unnatural_selection
730	eye_of_the_artisan
731	gift_of_the_gatherer
732	way_of_the_warrior
733	spirit_of_dinh
734	konars_blessing
735	treasure_seeker
736	xerics_focus
737	xerics_resilience
738	xerics_wisdom
752	getting_ahead
941	game_chat
949	a_night_at_the_theatre
968	the_following_options_control_the_warning_messages_for_teleport_tablets_that_take_you_to_the_wilderness_when_enabled_you_will_be_shown_a_warning_message_when_using_a_teleport_tablet_to_the_wilderness
996	the_following_options_control_the_warning_messages_for_teleport_spells_that_take_you_to_the_wilderness_when_enabled_you_will_be_shown_a_warning_message_when_you_cast_a_teleport_spell_to_the_wilderness
997	chat_box_scrollbar_position
1052	transparent_side_panel
1053	modern_layout_side_panel_can_be_closed_by_the_hotkeys
1055	show_the_remaining_xp_for_a_level_in_the_stats_panel
1122	show_prayer_tooltips
1147	hitsplat_tinting
1233	show_special_attack_tooltip
1246	draynor_manor
1247	battlefront
1248	mind_altar
1249	salve_graveyard
1250	fenken_castle
1251	west_ardougne
1252	harmony_island
1253	cemetery
1254	barrows
1255	ape_atoll_dungeon
1263	the_nightmare
1275	bear_your_soul
1276	sins_of_the_father
1278	vampyre_slayer
1279	hallowed_sepulchre
1397	monkey_backpacks
1688	daddys_home
1689	mahogany_homes
1720	last_man_standing
1721	leagues_ii_trailblazer
1722	endless_harvest
1723	production_master
1724	skilling_prodigy
1725	fairys_flight
1726	eternal_jeweller
1727	last_recall
1728	quick_shot
1729	fluid_strikes
1730	double_cast
1731	second_inventory
1732	treasure_seeker
1733	unnatural_selection
1734	the_botanist
1735	infernal_gathering
1736	equilibrium
1737	draining_strikes
1738	exploding_attacks
1739	weapon_specialist
1768	hide_roofs
2154	show_data_orbs
2232	show_wiki_entity_lookup
2255	notifications
2730	transparent_chatbox
2731	show_the_store_button
2732	game_client_layout
2733	scroll_wheel_can_change_zoom_distance
2734	camera_zoom_distance
2735	limit_framerate
2736	screen_brightness
2737	player_attack_options
2738	npc_attack_options
2753	music_volume
2754	sound_effect_volume
2755	area_sound_volume
2756	music_unlock_message
2757	show_chat_effects
2758	split_friends_private_chat
2759	hide_private_chat_when_the_chatbox_is_hidden
2760	enable_profanity_filter
2761	loot_drop_notifications
2762	minimum_item_value_needed_for_loot_notification
2763	untradeable_loot_notifications
2764	filter_out_boss_kill_count_with_spam_filter
2765	drop_item_warning
2766	minimum_item_value_needed_for_drop_item_warning
2767	friend_login_logout_messages
2768	click_through_transparent_chatbox
2769	single_mouse_button_mode
2770	middle_mouse_button_controls_the_camera
2771	move_follower_options_lower_down
2772	shift_click_to_drop_items
2773	show_the_function_button
2774	deadzone_adjuster
2775	esc_closes_the_current_interface
2776	restore_default_keybinds
2777	accept_aid
2778	show_warning_when_casting_teleport_to_target
2779	show_warning_when_casting_dareeyak_teleport
2781	show_warning_when_casting_annakarl_teleport
2782	show_warning_when_casting_ghorrock_teleport
2783	casting_alchemy_spells_on_untradeable_items_always_triggers_a_warning
2784	minimum_item_value_needed_for_alchemy_spells_warning
2785	show_warning_when_using_tablet_ice_plateau
2786	show_warning_when_using_tablet_cemetery
2787	show_warning_when_using_tablet_wilderness_crabs
2788	show_warning_when_using_tablet_dareeyak
2790	show_warning_when_using_tablet_annakarl
2791	show_warning_when_using_tablet_ghorrock
2792	disable_tablet_warnings
2793	enable_tablet_warnings
2794	disable_teleport_warnings
2795	enable_teleport_warnings
2797	show_warning_when_casting_carrallangar_teleport
2798	show_warning_when_using_tablet_carrallangar
2825	soul_wars
2851	select_function_mode
2852	interface_scaling
2853	reset_interface_scaling
2854	last_man_standing_fog_colour
2855	enable_precise_timing
2858	shooting_stars
2859	enable_separating_hours
2861	food_potions_can_form_supply_piles_on_death
2867	tempoross
2869	hard_treasure_trails_rare
2870	elite_treasure_trails_rare
2871	master_treasure_trails_rare
2872	volcanic_mine
2873	brimhaven_agility_arena
2874	below_ice_mountain
2885	camdozaal
2886	modern_layout_side_panel_visual_appearance
2887	arceuus_library
2890	chat_colour_opaque
2891	chat_colour_transparent
2892	chat_colour_split
2893	the_following_options_control_which_colour_to_display_chat_messages_in_an_opaque_chatbox
2894	the_following_options_control_which_colour_to_display_chat_messages_in_a_transparent_chatbox
2895	the_following_options_control_which_colour_to_display_chat_messages_in_the_split_chat_outside_your_chatbox
2896	public_chat
2897	public_chat
2898	private_chat
2899	private_chat
2900	private_chat
2901	auto_chat
2902	auto_chat
2903	broadcast
2904	broadcast
2905	broadcast
2906	friend_chat
2907	friend_chat
2908	clan_chat
2909	clan_chat
2910	incoming_trade_request
2911	incoming_trade_request
2912	incoming_challenge_request
2913	incoming_challenge_request
2914	reset_opaque_chat_colours
2915	reset_transparent_chat_colours
2916	reset_split_chat_colours
2917	home_world
2918	player_count
2919	lock_hall
2920	theme
2943	permission_access
2946	management
2947	edit_public_profile
2948	assign_member_ranks
2949	edit_rank_titles
2950	expel_members
2951	recruitment
2952	icons
2953	chat
2954	talk_in_chat
2955	kick_from_chat
2956	ban_from_chat
2957	guests_may_listen_in_chat
2958	guest_minimum_combat
2959	guest_minimum_skill_total
2960	guest_minimum_qp
2961	guest_iron_status
2962	coffer
2963	deposit_into_coffer
2964	withdraw_from_coffer
2965	events
2966	organise_events
2967	initiate_clan_wars
2968	clan_hall
2969	enter_clan_hall
2970	edit_clan_hall
2971	a_kingdom_divided
2974	music_area_mode
2975	guest_clan_chat
2976	guest_clan_chat
3002	show_boss_health_overlay
3003	show_normal_health_overlay
3004	tile_highlighting
3005	tile_highlight_colour
3006	show_mouseover_tooltips
3007	show_mouseover_text
3008	shift_anti_drag
3009	data_orbs_regeneration_indicators
3010	clear_your_highlighted_tiles
3011	chambers_of_xeric_helper
3012	chat_timestamps
3013	fishing_spot_indicators
3014	fishing_spot_indicators_tools_only
3015	fishing_spot_indicators_mouse_over_tooltip
3016	show_attack_style
3017	display_buff_bar
3018	tooltips_for_buffs
3019	display_relics
3020	home_teleport_cooldown
3021	minigame_teleport_cooldown
3022	teleport_block_duration
3023	charge_buff_duration
3024	godwars_altar_cooldown
3025	dragonfire_shield_cooldown
3026	imbued_heart_cooldown
3027	vengeance_cooldown
3028	vengeance_active
3029	stamina_duration
3030	prayer_enhance_duration
3031	overload_duration
3032	magic_imbue_duration
3033	abyssal_sire_stun_duration
3034	freeze_entangled_duration
3035	staff_of_the_dead_special_duration
3036	divine_potion_durations
3037	antifire_potion_durations
3038	anti_venom_and_poison_potion_durations
3039	always_on_top
3040	display_modified_stats_overlay
3041	show_tooltips_for_modified_stat_overlays
3042	number_of_modified_stats_to_show
3043	display_relative_stat_value
3106	joining_leaving_clan
3107	quest_broadcasts
3108	loot_broadcasts
3109	loot_broadcast_value
3110	level_up_broadcasts
3112	corruption_active_and_duration
3113	mark_of_darkness_active
3114	shadow_veil_active_and_duration
3115	death_charge_active_and_duration
3116	ward_of_arceuus_active_and_duration
3117	resurrection_active_and_duration
3135	bone_voyage
3136	client_of_kourend
3137	curse_of_the_empty_lord
3138	dorics_quest
3139	dragon_slayer_i
3140	enter_the_abyss
3141	the_fremennik_exiles
3142	heroes_quest
3143	in_search_of_knowledge
3144	lair_of_tarn_razorlor
3145	legends_quest
3146	mage_arena_i
3147	mournings_end_part_i
3148	mournings_end_part_ii
3149	observatory_quest
3150	olafs_quest
3151	a_porcine_of_interest
3152	rag_and_bone_man_i
3153	skippy_and_the_mogres
3154	waterfall_quest
3155	x_marks_the_spot
3599	combat_achievement_broadcasts
3623	general
3624	general
3625	skills
3626	combat
3627	minigames
3628	control_options
3629	keybinds
3630	graphics
3631	tooltips
3632	resizable
3633	modified_stats_overlay
3634	buff_bar
3635	options
3636	general
3637	teleports
3638	tablets
3639	items
3640	collection_log_new_addition_notification
3641	collection_log_new_addition_popup
3642	agility_helper
3643	highlight_agility_obstacles
3644	highlight_agility_shortcuts
3645	highlight_hovered_tile
3646	highlight_current_tile
3647	highlight_destination_tile
3648	highlight_hovered_tile_colour
3649	highlight_current_tile_colour
3650	highlight_destination_tile_colour
3651	highlight_hovered_tile_always_on_top
3652	highlight_current_tile_always_on_top
3653	highlight_destination_tile_always_on_top
3654	enable_minimap_zoom
3655	restore_minimap_zoom
3656	view_distance
3657	interface_scaling_mode
3658	remaining_ammo
